time,station,p_mw,temperature,rain,is_holiday,is_abnormal,is_outage,is_transfer
2026-04-01 00:00,E22.1,39.001,24.2,0,0,0,0,0
2026-04-01 01:00,E22.1,39.698,22.5,0,0,0,0,0
2026-04-01 02:00,E22.1,38.843,21.1,0,0,0,0,0
2026-04-01 03:00,E22.1,38.444,19.9,0,0,0,0,0
2026-04-01 04:00,E22.1,39.657,19.2,0,0,0,0,0
2026-04-01 05:00,E22.1,40.404,19.0,0,0,0,0,0
2026-04-01 06:00,E22.1,40.349,19.2,0,0,0,0,0
2026-04-01 07:00,E22.1,41.773,19.9,0,0,0,0,0
2026-04-01 08:00,E22.1,44.076,21.1,0,0,0,0,0
2026-04-01 09:00,E22.1,44.278,22.5,0,0,0,0,0
2026-04-01 10:00,E22.1,42.801,24.2,0,0,0,0,0
2026-04-01 11:00,E22.1,42.103,26.0,0,0,0,0,0
2026-04-01 12:00,E22.1,41.549,27.8,0,0,0,0,0
2026-04-01 13:00,E22.1,39.821,29.5,0,0,0,0,0
2026-04-01 14:00,E22.1,39.990,30.9,0,0,0,0,0
2026-04-01 15:00,E22.1,42.564,32.1,0,0,0,0,0
2026-04-01 16:00,E22.1,44.979,32.8,0,0,0,0,0
2026-04-01 17:00,E22.1,46.609,33.0,0,0,0,0,0
2026-04-01 18:00,E22.1,49.499,32.8,0,0,0,0,0
2026-04-01 19:00,E22.1,52.754,32.1,0,0,0,0,0
2026-04-01 20:00,E22.1,52.510,30.9,0,0,0,0,0
2026-04-01 21:00,E22.1,49.101,29.5,0,0,0,0,0
2026-04-01 22:00,E22.1,46.488,27.8,0,0,0,0,0
2026-04-01 23:00,E22.1,44.104,26.0,0,0,0,0,0
2026-04-02 00:00,E22.1,39.064,24.8,0,0,0,0,0
2026-04-02 01:00,E22.1,38.342,23.1,0,0,0,0,0
2026-04-02 02:00,E22.1,39.208,21.7,0,0,0,0,0
2026-04-02 03:00,E22.1,39.785,20.6,0,0,0,0,0
2026-04-02 04:00,E22.1,39.025,19.9,0,0,0,0,0
2026-04-02 05:00,E22.1,39.304,19.6,0,0,0,0,0
2026-04-02 06:00,E22.1,41.344,19.9,0,0,0,0,0
2026-04-02 07:00,E22.1,42.696,20.6,0,0,0,0,0
2026-04-02 08:00,E22.1,42.923,21.7,0,0,0,0,0
2026-04-02 09:00,E22.1,43.731,23.1,0,0,0,0,0
2026-04-02 10:00,E22.1,44.174,24.8,0,0,0,0,0
2026-04-02 11:00,E22.1,42.375,26.6,0,0,0,0,0
2026-04-02 12:00,E22.1,40.185,28.4,0,0,0,0,0
2026-04-02 13:00,E22.1,40.128,30.1,0,0,0,0,0
2026-04-02 14:00,E22.1,42.140,31.6,0,0,0,0,0
2026-04-02 15:00,E22.1,42.871,32.7,0,0,0,0,0
2026-04-02 16:00,E22.1,44.518,33.4,0,0,0,0,0
2026-04-02 17:00,E22.1,48.189,33.6,0,0,0,0,0
2026-04-02 18:00,E22.1,51.321,33.4,0,0,0,0,0
2026-04-02 19:00,E22.1,52.473,32.7,0,0,0,0,0
2026-04-02 20:00,E22.1,52.529,31.6,0,0,0,0,0
2026-04-02 21:00,E22.1,50.546,30.1,0,0,0,0,0
2026-04-02 22:00,E22.1,46.962,28.4,0,0,0,0,0
2026-04-02 23:00,E22.1,42.765,26.6,0,0,0,0,0
2026-04-03 00:00,E22.1,39.014,25.4,0,0,0,0,0
2026-04-03 01:00,E22.1,39.773,23.7,0,0,0,0,0
2026-04-03 02:00,E22.1,38.968,22.3,0,0,0,0,0
2026-04-03 03:00,E22.1,38.494,21.2,0,0,0,0,0
2026-04-03 04:00,E22.1,39.676,20.5,0,0,0,0,0
2026-04-03 05:00,E22.1,40.506,20.2,0,0,0,0,0
2026-04-03 06:00,E22.1,40.462,20.5,0,0,0,0,0
2026-04-03 07:00,E22.1,41.800,21.2,0,0,0,0,0
2026-04-03 08:00,E22.1,44.114,22.3,0,0,0,0,0
2026-04-03 09:00,E22.1,44.399,23.7,0,0,0,0,0
2026-04-03 10:00,E22.1,42.889,25.4,0,0,0,0,0
2026-04-03 11:00,E22.1,42.117,27.2,0,0,0,0,0
2026-04-03 12:00,E22.1,41.616,29.0,0,0,0,0,0
2026-04-03 13:00,E22.1,40.812,30.7,0,0,0,0,0
2026-04-03 14:00,E22.1,41.513,32.2,0,0,0,0,0
2026-04-03 15:00,E22.1,44.044,33.3,0,0,0,0,0
2026-04-03 16:00,E22.1,46.538,34.0,0,0,0,0,0
2026-04-03 17:00,E22.1,48.190,34.2,0,0,0,0,0
2026-04-03 18:00,E22.1,50.996,34.0,0,0,0,0,0
2026-04-03 19:00,E22.1,54.250,33.3,0,0,0,0,0
2026-04-03 20:00,E22.1,54.091,32.2,0,0,0,0,0
2026-04-03 21:00,E22.1,50.061,30.7,0,0,0,0,0
2026-04-03 22:00,E22.1,46.504,29.0,0,0,0,0,0
2026-04-03 23:00,E22.1,44.163,27.2,0,0,0,0,0
2026-04-04 00:00,E22.1,30.191,26.0,0,0,0,0,0
2026-04-04 01:00,E22.1,29.409,24.3,0,0,0,0,0
2026-04-04 02:00,E22.1,30.222,22.8,0,0,0,0,0
2026-04-04 03:00,E22.1,30.872,21.7,0,0,0,0,0
2026-04-04 04:00,E22.1,30.147,21.0,0,0,0,0,0
2026-04-04 05:00,E22.1,30.344,20.8,0,0,0,0,0
2026-04-04 06:00,E22.1,32.370,21.0,0,0,0,0,0
2026-04-04 07:00,E22.1,33.807,21.7,0,0,0,0,0
2026-04-04 08:00,E22.1,34.026,22.8,0,0,0,0,0
2026-04-04 09:00,E22.1,34.751,24.3,0,0,0,0,0
2026-04-04 10:00,E22.1,35.224,26.0,0,0,0,0,0
2026-04-04 11:00,E22.1,33.500,27.8,0,0,0,0,0
2026-04-04 12:00,E22.1,31.261,29.6,0,0,0,0,0
2026-04-04 13:00,E22.1,32.509,31.3,0,0,0,0,0
2026-04-04 14:00,E22.1,34.587,32.7,0,0,0,0,0
2026-04-04 15:00,E22.1,35.363,33.8,0,0,0,0,0
2026-04-04 16:00,E22.1,36.933,34.5,0,0,0,0,0
2026-04-04 17:00,E22.1,40.577,34.8,0,0,0,0,0
2026-04-04 18:00,E22.1,43.794,34.5,0,0,0,0,0
2026-04-04 19:00,E22.1,44.951,33.8,0,0,0,0,0
2026-04-04 20:00,E22.1,44.921,32.7,0,0,0,0,0
2026-04-04 21:00,E22.1,42.956,31.3,0,0,0,0,0
2026-04-04 22:00,E22.1,38.085,29.6,0,0,0,0,0
2026-04-04 23:00,E22.1,33.849,27.8,0,0,0,0,0
2026-04-05 00:00,E22.1,30.027,26.4,0,0,0,0,0
2026-04-05 01:00,E22.1,30.844,24.7,0,0,0,0,0
2026-04-05 02:00,E22.1,30.095,23.3,0,0,0,0,0
2026-04-05 03:00,E22.1,29.549,22.2,0,0,0,0,0
2026-04-05 04:00,E22.1,30.694,21.5,0,0,0,0,0
2026-04-05 05:00,E22.1,31.605,21.2,0,0,0,0,0
2026-04-05 06:00,E22.1,31.577,21.5,0,0,0,0,0
2026-04-05 07:00,E22.1,32.830,22.2,0,0,0,0,0
2026-04-05 08:00,E22.1,35.150,23.3,0,0,0,0,0
2026-04-05 09:00,E22.1,35.518,24.7,0,0,0,0,0
2026-04-05 10:00,E22.1,33.982,26.4,0,0,0,0,0
2026-04-05 11:00,E22.1,33.132,28.2,0,0,0,0,0
2026-04-05 12:00,E22.1,32.727,30.0,0,0,0,0,0
2026-04-05 13:00,E22.1,33.150,31.7,0,0,0,0,0
2026-04-05 14:00,E22.1,33.788,33.2,0,0,0,0,0
2026-04-05 15:00,E22.1,36.270,34.3,0,0,0,0,0
2026-04-05 16:00,E22.1,38.840,35.0,0,0,0,0,0
2026-04-05 17:00,E22.1,40.521,35.2,0,0,0,0,0
2026-04-05 18:00,E22.1,43.243,35.0,0,0,0,0,0
2026-04-05 19:00,E22.1,46.490,34.3,0,0,0,0,0
2026-04-05 20:00,E22.1,46.417,33.2,0,0,0,0,0
2026-04-05 21:00,E22.1,42.372,31.7,0,0,0,0,0
2026-04-05 22:00,E22.1,37.572,30.0,0,0,0,0,0
2026-04-05 23:00,E22.1,35.216,28.2,0,0,0,0,0
2026-04-06 00:00,E22.1,39.317,26.8,0,0,0,0,0
2026-04-06 01:00,E22.1,38.481,25.1,0,0,0,0,0
2026-04-06 02:00,E22.1,39.235,23.6,0,0,0,0,0
2026-04-06 03:00,E22.1,39.955,22.5,0,0,0,0,0
2026-04-06 04:00,E22.1,39.270,21.8,0,0,0,0,0
2026-04-06 05:00,E22.1,39.387,21.6,0,0,0,0,0
2026-04-06 06:00,E22.1,41.393,21.8,0,0,0,0,0
2026-04-06 07:00,E22.1,42.916,22.5,0,0,0,0,0
2026-04-06 08:00,E22.1,43.133,23.6,0,0,0,0,0
2026-04-06 09:00,E22.1,43.773,25.1,0,0,0,0,0
2026-04-06 10:00,E22.1,44.270,26.8,0,0,0,0,0
2026-04-06 11:00,E22.1,42.624,28.6,0,0,0,0,0
2026-04-06 12:00,E22.1,40.833,30.4,0,0,0,0,0
2026-04-06 13:00,E22.1,42.523,32.1,0,0,0,0,0
2026-04-06 14:00,E22.1,44.663,33.5,0,0,0,0,0
2026-04-06 15:00,E22.1,45.491,34.7,0,0,0,0,0
2026-04-06 16:00,E22.1,46.986,35.4,0,0,0,0,0
2026-04-06 17:00,E22.1,50.598,35.6,0,0,0,0,0
2026-04-06 18:00,E22.1,53.898,35.4,0,0,0,0,0
2026-04-06 19:00,E22.1,55.065,34.7,0,0,0,0,0
2026-04-06 20:00,E22.1,54.950,33.5,0,0,0,0,0
2026-04-06 21:00,E22.1,52.996,32.1,0,0,0,0,0
2026-04-06 22:00,E22.1,47.698,30.4,0,0,0,0,0
2026-04-06 23:00,E22.1,42.938,28.6,0,0,0,0,0
2026-04-07 00:00,E22.1,39.041,27.0,0,0,0,0,0
2026-04-07 01:00,E22.1,39.909,25.4,0,0,0,0,0
2026-04-07 02:00,E22.1,39.222,23.9,0,0,0,0,0
2026-04-07 03:00,E22.1,38.609,22.8,0,0,0,0,0
2026-04-07 04:00,E22.1,39.709,22.1,0,0,0,0,0
2026-04-07 05:00,E22.1,40.699,21.9,0,0,0,0,0
2026-04-07 06:00,E22.1,40.695,22.1,0,0,0,0,0
2026-04-07 07:00,E22.1,41.863,22.8,0,0,0,0,0
2026-04-07 08:00,E22.1,44.181,23.9,0,0,0,0,0
2026-04-07 09:00,E22.1,44.635,25.4,0,0,0,0,0
2026-04-07 10:00,E22.1,43.078,27.0,0,0,0,0,0
2026-04-07 11:00,E22.1,42.149,28.9,0,0,0,0,0
2026-04-07 12:00,E22.1,42.533,30.7,0,0,0,0,0
2026-04-07 13:00,E22.1,43.025,32.4,0,0,0,0,0
2026-04-07 14:00,E22.1,43.604,33.8,0,0,0,0,0
2026-04-07 15:00,E22.1,46.032,34.9,0,0,0,0,0
2026-04-07 16:00,E22.1,48.675,35.6,0,0,0,0,0
2026-04-07 17:00,E22.1,50.392,35.9,0,0,0,0,0
2026-04-07 18:00,E22.1,53.032,35.6,0,0,0,0,0
2026-04-07 19:00,E22.1,56.265,34.9,0,0,0,0,0
2026-04-07 20:00,E22.1,56.277,33.8,0,0,0,0,0
2026-04-07 21:00,E22.1,52.224,32.4,0,0,0,0,0
2026-04-07 22:00,E22.1,47.340,30.7,0,0,0,0,0
2026-04-07 23:00,E22.1,44.265,28.9,0,0,0,0,0
2026-04-08 00:00,E22.1,39.442,27.2,0,0,0,0,0
2026-04-08 01:00,E22.1,38.558,25.5,0,0,0,0,0
2026-04-08 02:00,E22.1,39.248,24.0,0,0,0,0,0
2026-04-08 03:00,E22.1,40.033,22.9,0,0,0,0,0
2026-04-08 04:00,E22.1,39.395,22.2,0,0,0,0,0
2026-04-08 05:00,E22.1,39.435,22.0,0,0,0,0,0
2026-04-08 06:00,E22.1,41.414,22.2,0,0,0,0,0
2026-04-08 07:00,E22.1,43.021,22.9,0,0,0,0,0
2026-04-08 08:00,E22.1,43.243,24.0,0,0,0,0,0
2026-04-08 09:00,E22.1,43.798,25.5,0,0,0,0,0
2026-04-08 10:00,E22.1,44.311,27.2,0,0,0,0,0
2026-04-08 11:00,E22.1,42.747,29.0,0,0,0,0,0
2026-04-08 12:00,E22.1,41.381,30.8,0,0,0,0,0
2026-04-08 13:00,E22.1,43.000,32.5,0,0,0,0,0
2026-04-08 14:00,E22.1,45.195,33.9,0,0,0,0,0
2026-04-08 15:00,E22.1,46.080,35.0,0,0,0,0,0
2026-04-08 16:00,E22.1,47.504,35.7,0,0,0,0,0
2026-04-08 17:00,E22.1,51.078,36.0,0,0,0,0,0
2026-04-08 18:00,E22.1,54.458,35.7,0,0,0,0,0
2026-04-08 19:00,E22.1,55.643,35.0,0,0,0,0,0
2026-04-08 20:00,E22.1,55.443,33.9,0,0,0,0,0
2026-04-08 21:00,E22.1,53.493,32.5,0,0,0,0,0
2026-04-08 22:00,E22.1,48.280,30.8,0,0,0,0,0
2026-04-08 23:00,E22.1,43.031,29.0,0,0,0,0,0
2026-04-09 00:00,E22.1,39.057,27.2,0,0,0,0,0
2026-04-09 01:00,E22.1,39.971,25.5,0,0,0,0,0
2026-04-09 02:00,E22.1,39.349,24.0,0,0,0,0,0
2026-04-09 03:00,E22.1,38.673,22.9,0,0,0,0,0
2026-04-09 04:00,E22.1,39.724,22.2,0,0,0,0,0
2026-04-09 05:00,E22.1,40.789,22.0,0,0,0,0,0
2026-04-09 06:00,E22.1,40.815,22.2,0,0,0,0,0
2026-04-09 07:00,E22.1,41.900,22.9,0,0,0,0,0
2026-04-09 08:00,E22.1,44.209,24.0,0,0,0,0,0
2026-04-09 09:00,E22.1,44.749,25.5,0,0,0,0,0
2026-04-09 10:00,E22.1,43.178,27.2,0,0,0,0,0
2026-04-09 11:00,E22.1,42.167,29.0,0,0,0,0,0
2026-04-09 12:00,E22.1,42.742,30.8,0,0,0,0,0
2026-04-09 13:00,E22.1,43.308,32.5,0,0,0,0,0
2026-04-09 14:00,E22.1,43.833,33.9,0,0,0,0,0
2026-04-09 15:00,E22.1,46.202,35.0,0,0,0,0,0
2026-04-09 16:00,E22.1,48.914,35.7,0,0,0,0,0
2026-04-09 17:00,E22.1,50.672,36.0,0,0,0,0,0
2026-04-09 18:00,E22.1,53.232,35.7,0,0,0,0,0
2026-04-09 19:00,E22.1,56.444,35.0,0,0,0,0,0
2026-04-09 20:00,E22.1,56.541,33.9,0,0,0,0,0
2026-04-09 21:00,E22.1,52.488,32.5,0,0,0,0,0
2026-04-09 22:00,E22.1,47.519,30.8,0,0,0,0,0
2026-04-09 23:00,E22.1,44.310,29.0,0,0,0,0,0
2026-04-10 00:00,E22.1,39.566,27.0,0,0,0,0,0
2026-04-10 01:00,E22.1,38.639,25.4,0,0,0,0,0
2026-04-10 02:00,E22.1,39.261,23.9,0,0,0,0,0
2026-04-10 03:00,E22.1,40.106,22.8,0,0,0,0,0
2026-04-10 04:00,E22.1,39.521,22.1,0,0,0,0,0
2026-04-10 05:00,E22.1,39.487,21.9,0,0,0,0,0
2026-04-10 06:00,E22.1,41.433,22.1,0,0,0,0,0
2026-04-10 07:00,E22.1,43.122,22.8,0,0,0,0,0
2026-04-10 08:00,E22.1,43.356,23.9,0,0,0,0,0
2026-04-10 09:00,E22.1,43.826,25.4,0,0,0,0,0
2026-04-10 10:00,E22.1,44.349,27.0,0,0,0,0,0
2026-04-10 11:00,E22.1,42.868,28.9,0,0,0,0,0
2026-04-10 12:00,E22.1,41.314,30.7,0,0,0,0,0
2026-04-10 13:00,E22.1,42.857,32.4,0,0,0,0,0
2026-04-10 14:00,E22.1,45.103,33.8,0,0,0,0,0
2026-04-10 15:00,E22.1,46.050,34.9,0,0,0,0,0
2026-04-10 16:00,E22.1,47.408,35.6,0,0,0,0,0
2026-04-10 17:00,E22.1,50.937,35.9,0,0,0,0,0
2026-04-10 18:00,E22.1,54.395,35.6,0,0,0,0,0
2026-04-10 19:00,E22.1,55.605,34.9,0,0,0,0,0
2026-04-10 20:00,E22.1,55.320,33.8,0,0,0,0,0
2026-04-10 21:00,E22.1,53.367,32.4,0,0,0,0,0
2026-04-10 22:00,E22.1,48.239,30.7,0,0,0,0,0
2026-04-10 23:00,E22.1,43.128,28.9,0,0,0,0,0
2026-04-11 00:00,E22.1,30.073,26.8,0,0,0,0,0
2026-04-11 01:00,E22.1,31.027,25.1,0,0,0,0,0
2026-04-11 02:00,E22.1,30.475,23.6,0,0,0,0,0
2026-04-11 03:00,E22.1,29.742,22.5,0,0,0,0,0
2026-04-11 04:00,E22.1,30.738,21.8,0,0,0,0,0
2026-04-11 05:00,E22.1,31.875,21.6,0,0,0,0,0
2026-04-11 06:00,E22.1,31.937,21.8,0,0,0,0,0
2026-04-11 07:00,E22.1,32.941,22.5,0,0,0,0,0
2026-04-11 08:00,E22.1,35.235,23.6,0,0,0,0,0
2026-04-11 09:00,E22.1,35.859,25.1,0,0,0,0,0
2026-04-11 10:00,E22.1,34.283,26.8,0,0,0,0,0
2026-04-11 11:00,E22.1,33.188,28.6,0,0,0,0,0
2026-04-11 12:00,E22.1,33.328,30.4,0,0,0,0,0
2026-04-11 13:00,E22.1,33.970,32.1,0,0,0,0,0
2026-04-11 14:00,E22.1,34.448,33.5,0,0,0,0,0
2026-04-11 15:00,E22.1,36.752,34.7,0,0,0,0,0
2026-04-11 16:00,E22.1,39.528,35.4,0,0,0,0,0
2026-04-11 17:00,E22.1,41.335,35.6,0,0,0,0,0
2026-04-11 18:00,E22.1,43.818,35.4,0,0,0,0,0
2026-04-11 19:00,E22.1,47.002,34.7,0,0,0,0,0
2026-04-11 20:00,E22.1,47.183,33.5,0,0,0,0,0
2026-04-11 21:00,E22.1,43.136,32.1,0,0,0,0,0
2026-04-11 22:00,E22.1,38.082,30.4,0,0,0,0,0
2026-04-11 23:00,E22.1,35.351,28.6,0,0,0,0,0
2026-04-12 00:00,E22.1,30.689,26.4,0,0,0,0,0
2026-04-12 01:00,E22.1,29.724,24.7,0,0,0,0,0
2026-04-12 02:00,E22.1,30.275,23.3,0,0,0,0,0
2026-04-12 03:00,E22.1,31.175,22.2,0,0,0,0,0
2026-04-12 04:00,E22.1,30.648,21.5,0,0,0,0,0
2026-04-12 05:00,E22.1,30.544,21.2,0,0,0,0,0
2026-04-12 06:00,E22.1,32.450,21.5,0,0,0,0,0
2026-04-12 07:00,E22.1,34.219,22.2,0,0,0,0,0
2026-04-12 08:00,E22.1,34.472,23.3,0,0,0,0,0
2026-04-12 09:00,E22.1,34.856,24.7,0,0,0,0,0
2026-04-12 10:00,E22.1,35.383,26.4,0,0,0,0,0
2026-04-12 11:00,E22.1,33.986,28.2,0,0,0,0,0
2026-04-12 12:00,E22.1,31.659,30.0,0,0,0,0,0
2026-04-12 13:00,E22.1,33.125,31.7,0,0,0,0,0
2026-04-12 14:00,E22.1,35.415,33.2,0,0,0,0,0
2026-04-12 15:00,E22.1,36.429,34.3,0,0,0,0,0
2026-04-12 16:00,E22.1,37.725,35.0,0,0,0,0,0
2026-04-12 17:00,E22.1,41.203,35.2,0,0,0,0,0
2026-04-12 18:00,E22.1,44.736,35.0,0,0,0,0,0
2026-04-12 19:00,E22.1,45.977,34.3,0,0,0,0,0
2026-04-12 20:00,E22.1,45.609,33.2,0,0,0,0,0
2026-04-12 21:00,E22.1,43.647,31.7,0,0,0,0,0
2026-04-12 22:00,E22.1,38.604,30.0,0,0,0,0,0
2026-04-12 23:00,E22.1,34.229,28.2,0,0,0,0,0
2026-04-13 00:00,E22.1,39.092,26.0,0,0,0,0,0
2026-04-13 01:00,E22.1,40.079,24.3,0,0,0,0,0
2026-04-13 02:00,E22.1,39.601,22.8,0,0,0,0,0
2026-04-13 03:00,E22.1,38.815,21.7,0,0,0,0,0
2026-04-13 04:00,E22.1,39.751,21.0,0,0,0,0,0
2026-04-13 05:00,E22.1,40.956,20.8,0,0,0,0,0
2026-04-13 06:00,E22.1,41.061,21.0,0,0,0,0,0
2026-04-13 07:00,E22.1,41.986,21.7,0,0,0,0,0
2026-04-13 08:00,E22.1,44.257,22.8,0,0,0,0,0
2026-04-13 09:00,E22.1,44.967,24.3,0,0,0,0,0
2026-04-13 10:00,E22.1,43.390,26.0,0,0,0,0,0
2026-04-13 11:00,E22.1,42.210,27.8,0,0,0,0,0
2026-04-13 12:00,E22.1,41.881,29.6,0,0,0,0,0
2026-04-13 13:00,E22.1,42.092,31.3,0,0,0,0,0
2026-04-13 14:00,E22.1,42.528,32.7,0,0,0,0,0
2026-04-13 15:00,E22.1,44.764,33.8,0,0,0,0,0
2026-04-13 16:00,E22.1,47.600,34.5,0,0,0,0,0
2026-04-13 17:00,E22.1,49.459,34.8,0,0,0,0,0
2026-04-13 18:00,E22.1,51.869,34.5,0,0,0,0,0
2026-04-13 19:00,E22.1,55.019,33.8,0,0,0,0,0
2026-04-13 20:00,E22.1,55.282,32.7,0,0,0,0,0
2026-04-13 21:00,E22.1,51.248,31.3,0,0,0,0,0
2026-04-13 22:00,E22.1,46.618,29.6,0,0,0,0,0
2026-04-13 23:00,E22.1,44.388,27.8,0,0,0,0,0
2026-04-14 00:00,E22.1,39.809,25.4,0,0,0,0,0
2026-04-14 01:00,E22.1,38.814,23.7,0,0,0,0,0
2026-04-14 02:00,E22.1,39.289,22.3,0,0,0,0,0
2026-04-14 03:00,E22.1,40.240,21.2,0,0,0,0,0
2026-04-14 04:00,E22.1,39.775,20.5,0,0,0,0,0
2026-04-14 05:00,E22.1,39.605,20.2,0,0,0,0,0
2026-04-14 06:00,E22.1,41.465,20.5,0,0,0,0,0
2026-04-14 07:00,E22.1,43.312,21.2,0,0,0,0,0
2026-04-14 08:00,E22.1,43.591,22.3,0,0,0,0,0
2026-04-14 09:00,E22.1,43.891,23.7,0,0,0,0,0
2026-04-14 10:00,E22.1,44.413,25.4,0,0,0,0,0
2026-04-14 11:00,E22.1,43.102,27.2,0,0,0,0,0
2026-04-14 12:00,E22.1,40.707,29.0,0,0,0,0,0
2026-04-14 13:00,E22.1,40.931,30.7,0,0,0,0,0
2026-04-14 14:00,E22.1,43.260,32.2,0,0,0,0,0
2026-04-14 15:00,E22.1,44.344,33.3,0,0,0,0,0
2026-04-14 16:00,E22.1,45.583,34.0,0,0,0,0,0
2026-04-14 17:00,E22.1,49.005,34.2,0,0,0,0,0
2026-04-14 18:00,E22.1,52.610,34.0,0,0,0,0,0
2026-04-14 19:00,E22.1,53.889,33.3,0,0,0,0,0
2026-04-14 20:00,E22.1,53.439,32.2,0,0,0,0,0
2026-04-14 21:00,E22.1,51.460,30.7,0,0,0,0,0
2026-04-14 22:00,E22.1,47.665,29.0,0,0,0,0,0
2026-04-14 23:00,E22.1,43.334,27.2,0,0,0,0,0
2026-04-15 00:00,E22.1,39.113,24.8,0,0,0,0,0
2026-04-15 01:00,E22.1,40.127,23.1,0,0,0,0,0
2026-04-15 02:00,E22.1,39.726,21.7,0,0,0,0,0
2026-04-15 03:00,E22.1,38.893,20.6,0,0,0,0,0
2026-04-15 04:00,E22.1,39.764,19.9,0,0,0,0,0
2026-04-15 05:00,E22.1,41.033,19.6,0,0,0,0,0
2026-04-15 06:00,E22.1,41.187,19.9,0,0,0,0,0
2026-04-15 07:00,E22.1,42.035,20.6,0,0,0,0,0
2026-04-15 08:00,E22.1,44.277,21.7,0,0,0,0,0
2026-04-15 09:00,E22.1,45.071,23.1,0,0,0,0,0
2026-04-15 10:00,E22.1,43.502,24.8,0,0,0,0,0
2026-04-15 11:00,E22.1,42.236,26.6,0,0,0,0,0
2026-04-15 12:00,E22.1,41.921,28.4,0,0,0,0,0
2026-04-15 13:00,E22.1,40.847,30.1,0,0,0,0,0
2026-04-15 14:00,E22.1,41.247,31.6,0,0,0,0,0
2026-04-15 15:00,E22.1,43.410,32.7,0,0,0,0,0
2026-04-15 16:00,E22.1,46.300,33.4,0,0,0,0,0
2026-04-15 17:00,E22.1,48.218,33.6,0,0,0,0,0
2026-04-15 18:00,E22.1,50.559,33.4,0,0,0,0,0
2026-04-15 19:00,E22.1,53.668,32.7,0,0,0,0,0
2026-04-15 20:00,E22.1,54.010,31.6,0,0,0,0,0
2026-04-15 21:00,E22.1,49.997,30.1,0,0,0,0,0
2026-04-15 22:00,E22.1,46.650,28.4,0,0,0,0,0
2026-04-15 23:00,E22.1,44.422,26.6,0,0,0,0,0
2026-04-16 00:00,E22.1,39.927,24.2,0,0,0,0,0
2026-04-16 01:00,E22.1,38.909,22.5,0,0,0,0,0
2026-04-16 02:00,E22.1,39.305,21.1,0,0,0,0,0
2026-04-16 03:00,E22.1,40.299,19.9,0,0,0,0,0
2026-04-16 04:00,E22.1,39.901,19.2,0,0,0,0,0
2026-04-16 05:00,E22.1,39.671,19.0,0,0,0,0,0
2026-04-16 06:00,E22.1,41.479,19.2,0,0,0,0,0
2026-04-16 07:00,E22.1,43.401,19.9,0,0,0,0,0
2026-04-16 08:00,E22.1,43.712,21.1,0,0,0,0,0
2026-04-16 09:00,E22.1,43.929,22.5,0,0,0,0,0
2026-04-16 10:00,E22.1,44.440,24.2,0,0,0,0,0
2026-04-16 11:00,E22.1,43.215,26.0,0,0,0,0,0
2026-04-16 12:00,E22.1,40.809,27.8,0,0,0,0,0
2026-04-16 13:00,E22.1,40.085,29.5,0,0,0,0,0
2026-04-16 14:00,E22.1,41.847,30.9,0,0,0,0,0
2026-04-16 15:00,E22.1,43.006,32.1,0,0,0,0,0
2026-04-16 16:00,E22.1,44.193,32.8,0,0,0,0,0
2026-04-16 17:00,E22.1,47.554,33.0,0,0,0,0,0
2026-04-16 18:00,E22.1,51.226,32.8,0,0,0,0,0
2026-04-16 19:00,E22.1,52.549,32.1,0,0,0,0,0
2026-04-16 20:00,E22.1,52.021,30.9,0,0,0,0,0
2026-04-16 21:00,E22.1,50.618,29.5,0,0,0,0,0
2026-04-16 22:00,E22.1,47.772,27.8,0,0,0,0,0
2026-04-16 23:00,E22.1,43.442,26.0,0,0,0,0,0
2026-04-17 00:00,E22.1,39.136,23.6,0,0,0,0,0
2026-04-17 01:00,E22.1,40.171,21.9,0,0,0,0,0
2026-04-17 02:00,E22.1,39.850,20.4,0,0,0,0,0
2026-04-17 03:00,E22.1,38.976,19.3,0,0,0,0,0
2026-04-17 04:00,E22.1,39.777,18.6,0,0,0,0,0
2026-04-17 05:00,E22.1,41.105,18.4,0,0,0,0,0
2026-04-17 06:00,E22.1,41.313,18.6,0,0,0,0,0
2026-04-17 07:00,E22.1,42.088,19.3,0,0,0,0,0
2026-04-17 08:00,E22.1,44.295,20.4,0,0,0,0,0
2026-04-17 09:00,E22.1,45.170,21.9,0,0,0,0,0
2026-04-17 10:00,E22.1,43.616,23.6,0,0,0,0,0
2026-04-17 11:00,E22.1,42.265,25.4,0,0,0,0,0
2026-04-17 12:00,E22.1,41.957,27.2,0,0,0,0,0
2026-04-17 13:00,E22.1,40.818,28.9,0,0,0,0,0
2026-04-17 14:00,E22.1,39.841,30.3,0,0,0,0,0
2026-04-17 15:00,E22.1,41.928,31.4,0,0,0,0,0
2026-04-17 16:00,E22.1,44.867,32.1,0,0,0,0,0
2026-04-17 17:00,E22.1,46.848,32.4,0,0,0,0,0
2026-04-17 18:00,E22.1,49.124,32.1,0,0,0,0,0
2026-04-17 19:00,E22.1,52.186,31.4,0,0,0,0,0
2026-04-17 20:00,E22.1,52.606,30.3,0,0,0,0,0
2026-04-17 21:00,E22.1,49.968,28.9,0,0,0,0,0
2026-04-17 22:00,E22.1,46.685,27.2,0,0,0,0,0
2026-04-17 23:00,E22.1,44.452,25.4,0,0,0,0,0
2026-04-18 00:00,E22.1,31.042,23.0,0,0,0,0,0
2026-04-18 01:00,E22.1,30.007,21.3,0,0,0,0,0
2026-04-18 02:00,E22.1,30.323,19.8,0,0,0,0,0
2026-04-18 03:00,E22.1,31.354,18.7,0,0,0,0,0
2026-04-18 04:00,E22.1,31.028,18.0,0,0,0,0,0
2026-04-18 05:00,E22.1,30.741,17.8,0,0,0,0,0
2026-04-18 06:00,E22.1,32.493,18.0,0,0,0,0,0
2026-04-18 07:00,E22.1,34.485,18.7,0,0,0,0,0
2026-04-18 08:00,E22.1,34.835,19.8,0,0,0,0,0
2026-04-18 09:00,E22.1,34.971,21.3,0,0,0,0,0
2026-04-18 10:00,E22.1,35.465,23.0,0,0,0,0,0
2026-04-18 11:00,E22.1,34.324,24.8,0,0,0,0,0
2026-04-18 12:00,E22.1,31.914,26.6,0,0,0,0,0
2026-04-18 13:00,E22.1,31.106,28.3,0,0,0,0,0
2026-04-18 14:00,E22.1,31.755,29.7,0,0,0,0,0
2026-04-18 15:00,E22.1,32.666,30.8,0,0,0,0,0
2026-04-18 16:00,E22.1,33.808,31.5,0,0,0,0,0
2026-04-18 17:00,E22.1,37.103,31.8,0,0,0,0,0
2026-04-18 18:00,E22.1,40.838,31.5,0,0,0,0,0
2026-04-18 19:00,E22.1,42.210,30.8,0,0,0,0,0
2026-04-18 20:00,E22.1,41.931,29.7,0,0,0,0,0
2026-04-18 21:00,E22.1,41.638,28.3,0,0,0,0,0
2026-04-18 22:00,E22.1,38.875,26.6,0,0,0,0,0
2026-04-18 23:00,E22.1,34.554,24.8,0,0,0,0,0
2026-04-19 00:00,E22.1,30.162,22.4,0,0,0,0,0
2026-04-19 01:00,E22.1,31.210,20.7,0,0,0,0,0
2026-04-19 02:00,E22.1,30.971,19.3,0,0,0,0,0
2026-04-19 03:00,E22.1,30.063,18.2,0,0,0,0,0
2026-04-19 04:00,E22.1,30.791,17.5,0,0,0,0,0
2026-04-19 05:00,E22.1,32.172,17.2,0,0,0,0,0
2026-04-19 06:00,E22.1,32.440,17.5,0,0,0,0,0
2026-04-19 07:00,E22.1,33.146,18.2,0,0,0,0,0
2026-04-19 08:00,E22.1,35.312,19.3,0,0,0,0,0
2026-04-19 09:00,E22.1,36.266,20.7,0,0,0,0,0
2026-04-19 10:00,E22.1,34.733,22.4,0,0,0,0,0
2026-04-19 11:00,E22.1,33.297,24.2,0,0,0,0,0
2026-04-19 12:00,E22.1,32.990,26.0,0,0,0,0,0
2026-04-19 13:00,E22.1,31.936,27.7,0,0,0,0,0
2026-04-19 14:00,E22.1,30.545,29.2,0,0,0,0,0
2026-04-19 15:00,E22.1,31.576,30.3,0,0,0,0,0
2026-04-19 16:00,E22.1,34.558,31.0,0,0,0,0,0
2026-04-19 17:00,E22.1,36.607,31.2,0,0,0,0,0
2026-04-19 18:00,E22.1,38.823,31.0,0,0,0,0,0
2026-04-19 19:00,E22.1,41.832,30.3,0,0,0,0,0
2026-04-19 20:00,E22.1,43.303,29.2,0,0,0,0,0
2026-04-19 21:00,E22.1,41.089,27.7,0,0,0,0,0
2026-04-19 22:00,E22.1,37.723,26.0,0,0,0,0,0
2026-04-19 23:00,E22.1,35.478,24.2,0,0,0,0,0
2026-04-20 00:00,E22.1,40.155,22.0,0,0,0,0,0
2026-04-20 01:00,E22.1,39.109,20.3,0,0,0,0,0
2026-04-20 02:00,E22.1,39.342,18.8,0,0,0,0,0
2026-04-20 03:00,E22.1,40.405,17.7,0,0,0,0,0
2026-04-20 04:00,E22.1,40.154,17.0,0,0,0,0,0
2026-04-20 05:00,E22.1,39.816,16.8,0,0,0,0,0
2026-04-20 06:00,E22.1,41.506,17.0,0,0,0,0,0
2026-04-20 07:00,E22.1,43.565,17.7,0,0,0,0,0
2026-04-20 08:00,E22.1,43.959,18.8,0,0,0,0,0
2026-04-20 09:00,E22.1,44.017,20.3,0,0,0,0,0
2026-04-20 10:00,E22.1,44.486,22.0,0,0,0,0,0
2026-04-20 11:00,E22.1,43.431,23.8,0,0,0,0,0
2026-04-20 12:00,E22.1,41.023,25.6,0,0,0,0,0
2026-04-20 13:00,E22.1,40.130,27.3,0,0,0,0,0
2026-04-20 14:00,E22.1,40.798,28.7,0,0,0,0,0
2026-04-20 15:00,E22.1,40.779,29.8,0,0,0,0,0
2026-04-20 16:00,E22.1,41.680,30.5,0,0,0,0,0
2026-04-20 17:00,E22.1,44.905,30.8,0,0,0,0,0
2026-04-20 18:00,E22.1,48.698,30.5,0,0,0,0,0
2026-04-20 19:00,E22.1,50.326,29.8,0,0,0,0,0
2026-04-20 20:00,E22.1,50.985,28.7,0,0,0,0,0
2026-04-20 21:00,E22.1,50.656,27.3,0,0,0,0,0
2026-04-20 22:00,E22.1,47.974,25.6,0,0,0,0,0
2026-04-20 23:00,E22.1,43.669,23.8,0,0,0,0,0
2026-04-21 00:00,E22.1,39.192,21.6,0,0,0,0,0
2026-04-21 01:00,E22.1,40.246,19.9,0,0,0,0,0
2026-04-21 02:00,E22.1,40.091,18.5,0,0,0,0,0
2026-04-21 03:00,E22.1,39.154,17.3,0,0,0,0,0
2026-04-21 04:00,E22.1,39.806,16.6,0,0,0,0,0
2026-04-21 05:00,E22.1,41.235,16.4,0,0,0,0,0
2026-04-21 06:00,E22.1,41.567,16.6,0,0,0,0,0
2026-04-21 07:00,E22.1,42.209,17.3,0,0,0,0,0
2026-04-21 08:00,E22.1,44.327,18.5,0,0,0,0,0
2026-04-21 09:00,E22.1,45.358,19.9,0,0,0,0,0
2026-04-21 10:00,E22.1,43.852,21.6,0,0,0,0,0
2026-04-21 11:00,E22.1,42.332,23.4,0,0,0,0,0
2026-04-21 12:00,E22.1,42.019,25.2,0,0,0,0,0
2026-04-21 13:00,E22.1,41.051,26.9,0,0,0,0,0
2026-04-21 14:00,E22.1,39.644,28.4,0,0,0,0,0
2026-04-21 15:00,E22.1,40.235,29.5,0,0,0,0,0
2026-04-21 16:00,E22.1,42.611,30.2,0,0,0,0,0
2026-04-21 17:00,E22.1,44.732,30.4,0,0,0,0,0
2026-04-21 18:00,E22.1,46.892,30.2,0,0,0,0,0
2026-04-21 19:00,E22.1,50.487,29.5,0,0,0,0,0
2026-04-21 20:00,E22.1,52.386,28.4,0,0,0,0,0
2026-04-21 21:00,E22.1,50.212,26.9,0,0,0,0,0
2026-04-21 22:00,E22.1,46.766,25.2,0,0,0,0,0
2026-04-21 23:00,E22.1,44.502,23.4,0,0,0,0,0
2026-04-22 00:00,E22.1,40.264,21.3,0,0,0,0,0
2026-04-22 01:00,E22.1,39.215,19.6,0,0,0,0,0
2026-04-22 02:00,E22.1,39.363,18.2,0,0,0,0,0
2026-04-22 03:00,E22.1,40.452,17.1,0,0,0,0,0
2026-04-22 04:00,E22.1,40.278,16.4,0,0,0,0,0
2026-04-22 05:00,E22.1,39.895,16.1,0,0,0,0,0
2026-04-22 06:00,E22.1,41.519,16.4,0,0,0,0,0
2026-04-22 07:00,E22.1,43.640,17.1,0,0,0,0,0
2026-04-22 08:00,E22.1,44.085,18.2,0,0,0,0,0
2026-04-22 09:00,E22.1,44.068,19.6,0,0,0,0,0
2026-04-22 10:00,E22.1,44.506,21.3,0,0,0,0,0
2026-04-22 11:00,E22.1,43.533,23.1,0,0,0,0,0
2026-04-22 12:00,E22.1,41.136,25.0,0,0,0,0,0
2026-04-22 13:00,E22.1,40.157,26.6,0,0,0,0,0
2026-04-22 14:00,E22.1,40.837,28.1,0,0,0,0,0
2026-04-22 15:00,E22.1,40.901,29.2,0,0,0,0,0
2026-04-22 16:00,E22.1,41.129,29.9,0,0,0,0,0
2026-04-22 17:00,E22.1,44.171,30.1,0,0,0,0,0
2026-04-22 18:00,E22.1,48.126,29.9,0,0,0,0,0
2026-04-22 19:00,E22.1,50.453,29.2,0,0,0,0,0
2026-04-22 20:00,E22.1,51.044,28.1,0,0,0,0,0
2026-04-22 21:00,E22.1,50.672,26.6,0,0,0,0,0
2026-04-22 22:00,E22.1,48.069,25.0,0,0,0,0,0
2026-04-22 23:00,E22.1,43.786,23.1,0,0,0,0,0
2026-04-23 00:00,E22.1,39.224,21.2,0,0,0,0,0
2026-04-23 01:00,E22.1,40.278,19.5,0,0,0,0,0
2026-04-23 02:00,E22.1,40.208,18.1,0,0,0,0,0
2026-04-23 03:00,E22.1,39.250,17.0,0,0,0,0,0
2026-04-23 04:00,E22.1,39.822,16.3,0,0,0,0,0
2026-04-23 05:00,E22.1,41.293,16.0,0,0,0,0,0
2026-04-23 06:00,E22.1,41.693,16.3,0,0,0,0,0
2026-04-23 07:00,E22.1,42.276,17.0,0,0,0,0,0
2026-04-23 08:00,E22.1,44.341,18.1,0,0,0,0,0
2026-04-23 09:00,E22.1,45.445,19.5,0,0,0,0,0
2026-04-23 10:00,E22.1,43.974,21.2,0,0,0,0,0
2026-04-23 11:00,E22.1,42.372,23.0,0,0,0,0,0
2026-04-23 12:00,E22.1,42.046,24.8,0,0,0,0,0
2026-04-23 13:00,E22.1,41.163,26.5,0,0,0,0,0
2026-04-23 14:00,E22.1,39.747,28.0,0,0,0,0,0
2026-04-23 15:00,E22.1,40.255,29.1,0,0,0,0,0
2026-04-23 16:00,E22.1,42.465,29.8,0,0,0,0,0
2026-04-23 17:00,E22.1,44.395,30.0,0,0,0,0,0
2026-04-23 18:00,E22.1,46.772,29.8,0,0,0,0,0
2026-04-23 19:00,E22.1,50.500,29.1,0,0,0,0,0
2026-04-23 20:00,E22.1,52.465,28.0,0,0,0,0,0
2026-04-23 21:00,E22.1,50.337,26.5,0,0,0,0,0
2026-04-23 22:00,E22.1,46.813,24.8,0,0,0,0,0
2026-04-23 23:00,E22.1,44.523,23.0,0,0,0,0,0
2026-04-24 00:00,E22.1,40.369,21.2,0,0,0,0,0
2026-04-24 01:00,E22.1,39.325,19.5,0,0,0,0,0
2026-04-24 02:00,E22.1,39.388,18.1,0,0,0,0,0
2026-04-24 03:00,E22.1,40.494,17.0,0,0,0,0,0
2026-04-24 04:00,E22.1,40.401,16.3,0,0,0,0,0
2026-04-24 05:00,E22.1,39.979,16.0,0,0,0,0,0
2026-04-24 06:00,E22.1,41.532,16.3,0,0,0,0,0
2026-04-24 07:00,E22.1,43.711,17.0,0,0,0,0,0
2026-04-24 08:00,E22.1,44.211,18.1,0,0,0,0,0
2026-04-24 09:00,E22.1,44.123,19.5,0,0,0,0,0
2026-04-24 10:00,E22.1,44.523,21.2,0,0,0,0,0
2026-04-24 11:00,E22.1,43.632,23.0,0,0,0,0,0
2026-04-24 12:00,E22.1,41.251,24.8,0,0,0,0,0
2026-04-24 13:00,E22.1,40.187,26.5,0,0,0,0,0
2026-04-24 14:00,E22.1,40.872,28.0,0,0,0,0,0
2026-04-24 15:00,E22.1,41.020,29.1,0,0,0,0,0
2026-04-24 16:00,E22.1,41.221,29.8,0,0,0,0,0
2026-04-24 17:00,E22.1,44.029,30.0,0,0,0,0,0
2026-04-24 18:00,E22.1,48.188,29.8,0,0,0,0,0
2026-04-24 19:00,E22.1,50.580,29.1,0,0,0,0,0
2026-04-24 20:00,E22.1,51.107,28.0,0,0,0,0,0
2026-04-24 21:00,E22.1,50.686,26.5,0,0,0,0,0
2026-04-24 22:00,E22.1,48.160,24.8,0,0,0,0,0
2026-04-24 23:00,E22.1,43.906,23.0,0,0,0,0,0
2026-04-25 00:00,E22.1,30.260,21.3,0,0,0,0,0
2026-04-25 01:00,E22.1,31.307,19.6,0,0,0,0,0
2026-04-25 02:00,E22.1,31.322,18.2,0,0,0,0,0
2026-04-25 03:00,E22.1,30.350,17.1,0,0,0,0,0
2026-04-25 04:00,E22.1,30.840,16.4,0,0,0,0,0
2026-04-25 05:00,E22.1,32.347,16.1,0,0,0,0,0
2026-04-25 06:00,E22.1,32.820,16.4,0,0,0,0,0
2026-04-25 07:00,E22.1,33.348,17.1,0,0,0,0,0
2026-04-25 08:00,E22.1,35.354,18.2,0,0,0,0,0
2026-04-25 09:00,E22.1,36.528,19.6,0,0,0,0,0
2026-04-25 10:00,E22.1,35.097,21.3,0,0,0,0,0
2026-04-25 11:00,E22.1,33.415,23.1,0,0,0,0,0
2026-04-25 12:00,E22.1,33.069,25.0,0,0,0,0,0
2026-04-25 13:00,E22.1,32.271,26.6,0,0,0,0,0
2026-04-25 14:00,E22.1,30.853,28.1,0,0,0,0,0
2026-04-25 15:00,E22.1,31.277,29.2,0,0,0,0,0
2026-04-25 16:00,E22.1,33.511,29.9,0,0,0,0,0
2026-04-25 17:00,E22.1,35.676,30.1,0,0,0,0,0
2026-04-25 18:00,E22.1,37.852,29.9,0,0,0,0,0
2026-04-25 19:00,E22.1,41.513,29.2,0,0,0,0,0
2026-04-25 20:00,E22.1,43.540,28.1,0,0,0,0,0
2026-04-25 21:00,E22.1,41.463,26.6,0,0,0,0,0
2026-04-25 22:00,E22.1,37.864,25.0,0,0,0,0,0
2026-04-25 23:00,E22.1,35.543,23.1,0,0,0,0,0
2026-04-26 00:00,E22.1,31.471,21.6,0,0,0,0,0
2026-04-26 01:00,E22.1,30.438,19.9,0,0,0,0,0
2026-04-26 02:00,E22.1,30.415,18.5,0,0,0,0,0
2026-04-26 03:00,E22.1,31.532,17.3,0,0,0,0,0
2026-04-26 04:00,E22.1,31.522,16.6,0,0,0,0,0
2026-04-26 05:00,E22.1,31.068,16.4,0,0,0,0,0
2026-04-26 06:00,E22.1,32.546,16.6,0,0,0,0,0
2026-04-26 07:00,E22.1,34.776,17.3,0,0,0,0,0
2026-04-26 08:00,E22.1,35.338,18.5,0,0,0,0,0
2026-04-26 09:00,E22.1,35.182,19.9,0,0,0,0,0
2026-04-26 10:00,E22.1,35.539,21.6,0,0,0,0,0
2026-04-26 11:00,E22.1,34.726,23.4,0,0,0,0,0
2026-04-26 12:00,E22.1,32.369,25.2,0,0,0,0,0
2026-04-26 13:00,E22.1,31.220,26.9,0,0,0,0,0
2026-04-26 14:00,E22.1,31.904,28.4,0,0,0,0,0
2026-04-26 15:00,E22.1,32.137,29.5,0,0,0,0,0
2026-04-26 16:00,E22.1,32.514,30.2,0,0,0,0,0
2026-04-26 17:00,E22.1,35.509,30.4,0,0,0,0,0
2026-04-26 18:00,E22.1,39.442,30.2,0,0,0,0,0
2026-04-26 19:00,E22.1,41.706,29.5,0,0,0,0,0
2026-04-26 20:00,E22.1,42.175,28.4,0,0,0,0,0
2026-04-26 21:00,E22.1,41.700,26.9,0,0,0,0,0
2026-04-26 22:00,E22.1,39.247,25.2,0,0,0,0,0
2026-04-26 23:00,E22.1,35.028,23.4,0,0,0,0,0
2026-04-27 00:00,E22.1,39.301,22.0,0,0,0,0,0
2026-04-27 01:00,E22.1,40.333,20.3,0,0,0,0,0
2026-04-27 02:00,E22.1,40.434,18.8,0,0,0,0,0
2026-04-27 03:00,E22.1,39.453,17.7,0,0,0,0,0
2026-04-27 04:00,E22.1,39.860,17.0,0,0,0,0,0
2026-04-27 05:00,E22.1,41.396,16.8,0,0,0,0,0
2026-04-27 06:00,E22.1,41.945,17.0,0,0,0,0,0
2026-04-27 07:00,E22.1,42.424,17.7,0,0,0,0,0
2026-04-27 08:00,E22.1,44.367,18.8,0,0,0,0,0
2026-04-27 09:00,E22.1,45.606,20.3,0,0,0,0,0
2026-04-27 10:00,E22.1,44.222,22.0,0,0,0,0,0
2026-04-27 11:00,E22.1,42.463,23.8,0,0,0,0,0
2026-04-27 12:00,E22.1,42.090,25.6,0,0,0,0,0
2026-04-27 13:00,E22.1,41.376,27.3,0,0,0,0,0
2026-04-27 14:00,E22.1,39.963,28.7,0,0,0,0,0
2026-04-27 15:00,E22.1,40.302,29.8,0,0,0,0,0
2026-04-27 16:00,E22.1,43.191,30.5,0,0,0,0,0
2026-04-27 17:00,E22.1,45.547,30.8,0,0,0,0,0
2026-04-27 18:00,E22.1,47.575,30.5,0,0,0,0,0
2026-04-27 19:00,E22.1,50.527,29.8,0,0,0,0,0
2026-04-27 20:00,E22.1,52.609,28.7,0,0,0,0,0
2026-04-27 21:00,E22.1,50.589,27.3,0,0,0,0,0
2026-04-27 22:00,E22.1,46.920,25.6,0,0,0,0,0
2026-04-27 23:00,E22.1,44.560,23.8,0,0,0,0,0
2026-04-28 00:00,E22.1,40.569,22.4,0,0,0,0,0
2026-04-28 01:00,E22.1,39.553,20.7,0,0,0,0,0
2026-04-28 02:00,E22.1,39.445,19.3,0,0,0,0,0
2026-04-28 03:00,E22.1,40.567,18.2,0,0,0,0,0
2026-04-28 04:00,E22.1,40.641,17.5,0,0,0,0,0
2026-04-28 05:00,E22.1,40.161,17.2,0,0,0,0,0
2026-04-28 06:00,E22.1,41.562,17.5,0,0,0,0,0
2026-04-28 07:00,E22.1,43.838,18.2,0,0,0,0,0
2026-04-28 08:00,E22.1,44.465,19.3,0,0,0,0,0
2026-04-28 09:00,E22.1,44.246,20.7,0,0,0,0,0
2026-04-28 10:00,E22.1,44.554,22.4,0,0,0,0,0
2026-04-28 11:00,E22.1,43.816,24.2,0,0,0,0,0
2026-04-28 12:00,E22.1,41.489,26.0,0,0,0,0,0
2026-04-28 13:00,E22.1,40.257,27.7,0,0,0,0,0
2026-04-28 14:00,E22.1,40.932,29.2,0,0,0,0,0
2026-04-28 15:00,E22.1,41.609,30.3,0,0,0,0,0
2026-04-28 16:00,E22.1,42.616,31.0,0,0,0,0,0
2026-04-28 17:00,E22.1,45.528,31.2,0,0,0,0,0
2026-04-28 18:00,E22.1,49.496,31.0,0,0,0,0,0
2026-04-28 19:00,E22.1,51.191,30.3,0,0,0,0,0
2026-04-28 20:00,E22.1,51.248,29.2,0,0,0,0,0
2026-04-28 21:00,E22.1,50.713,27.7,0,0,0,0,0
2026-04-28 22:00,E22.1,48.329,26.0,0,0,0,0,0
2026-04-28 23:00,E22.1,44.151,24.2,0,0,0,0,0
2026-04-29 00:00,E22.1,39.345,23.0,0,0,0,0,0
2026-04-29 01:00,E22.1,40.356,21.3,0,0,0,0,0
2026-04-29 02:00,E22.1,40.542,19.8,0,0,0,0,0
2026-04-29 03:00,E22.1,39.560,18.7,0,0,0,0,0
2026-04-29 04:00,E22.1,39.883,18.0,0,0,0,0,0
2026-04-29 05:00,E22.1,41.441,17.8,0,0,0,0,0
2026-04-29 06:00,E22.1,42.069,18.0,0,0,0,0,0
2026-04-29 07:00,E22.1,42.505,18.7,0,0,0,0,0
2026-04-29 08:00,E22.1,44.380,19.8,0,0,0,0,0
2026-04-29 09:00,E22.1,45.680,21.3,0,0,0,0,0
2026-04-29 10:00,E22.1,44.348,23.0,0,0,0,0,0
2026-04-29 11:00,E22.1,42.515,24.8,0,0,0,0,0
2026-04-29 12:00,E22.1,42.109,26.6,0,0,0,0,0
2026-04-29 13:00,E22.1,41.477,28.3,0,0,0,0,0
2026-04-29 14:00,E22.1,40.076,29.7,0,0,0,0,0
2026-04-29 15:00,E22.1,41.340,30.8,0,0,0,0,0
2026-04-29 16:00,E22.1,44.439,31.5,0,0,0,0,0
2026-04-29 17:00,E22.1,46.879,31.8,0,0,0,0,0
2026-04-29 18:00,E22.1,48.876,31.5,0,0,0,0,0
2026-04-29 19:00,E22.1,51.551,30.8,0,0,0,0,0
2026-04-29 20:00,E22.1,52.674,29.7,0,0,0,0,0
2026-04-29 21:00,E22.1,50.716,28.3,0,0,0,0,0
2026-04-29 22:00,E22.1,46.980,26.6,0,0,0,0,0
2026-04-29 23:00,E22.1,44.575,24.8,0,0,0,0,0
2026-04-30 00:00,E22.1,40.663,23.6,0,0,0,0,0
2026-04-30 01:00,E22.1,39.672,21.9,0,0,0,0,0
2026-04-30 02:00,E22.1,39.479,20.4,0,0,0,0,0
2026-04-30 03:00,E22.1,40.598,19.3,0,0,0,0,0
2026-04-30 04:00,E22.1,40.757,18.6,0,0,0,0,0
2026-04-30 05:00,E22.1,40.258,18.4,0,0,0,0,0
2026-04-30 06:00,E22.1,41.578,18.6,0,0,0,0,0
2026-04-30 07:00,E22.1,43.894,19.3,0,0,0,0,0
2026-04-30 08:00,E22.1,44.592,20.4,0,0,0,0,0
2026-04-30 09:00,E22.1,44.315,21.9,0,0,0,0,0
2026-04-30 10:00,E22.1,44.567,23.6,0,0,0,0,0
2026-04-30 11:00,E22.1,43.902,25.4,0,0,0,0,0
2026-04-30 12:00,E22.1,41.611,27.2,0,0,0,0,0
2026-04-30 13:00,E22.1,40.297,28.9,0,0,0,0,0
2026-04-30 14:00,E22.1,41.348,30.3,0,0,0,0,0
2026-04-30 15:00,E22.1,43.087,31.4,0,0,0,0,0
2026-04-30 16:00,E22.1,44.088,32.1,0,0,0,0,0
2026-04-30 17:00,E22.1,46.916,32.4,0,0,0,0,0
2026-04-30 18:00,E22.1,50.913,32.1,0,0,0,0,0
2026-04-30 19:00,E22.1,52.684,31.4,0,0,0,0,0
2026-04-30 20:00,E22.1,51.716,30.3,0,0,0,0,0
2026-04-30 21:00,E22.1,50.727,28.9,0,0,0,0,0
2026-04-30 22:00,E22.1,48.406,27.2,0,0,0,0,0
2026-04-30 23:00,E22.1,44.276,25.4,0,0,0,0,0
2026-05-01 00:00,E22.1,39.393,24.2,0,0,0,0,0
2026-05-01 01:00,E22.1,40.377,22.5,0,0,0,0,0
2026-05-01 02:00,E22.1,40.646,21.1,0,0,0,0,0
2026-05-01 03:00,E22.1,39.671,19.9,0,0,0,0,0
2026-05-01 04:00,E22.1,39.908,19.2,0,0,0,0,0
2026-05-01 05:00,E22.1,41.482,19.0,0,0,0,0,0
2026-05-01 06:00,E22.1,42.191,19.2,0,0,0,0,0
2026-05-01 07:00,E22.1,42.591,19.9,0,0,0,0,0
2026-05-01 08:00,E22.1,44.394,21.1,0,0,0,0,0
2026-05-01 09:00,E22.1,45.749,22.5,0,0,0,0,0
2026-05-01 10:00,E22.1,44.475,24.2,0,0,0,0,0
2026-05-01 11:00,E22.1,42.571,26.0,0,0,0,0,0
2026-05-01 12:00,E22.1,42.126,27.8,0,0,0,0,0
2026-05-01 13:00,E22.1,41.575,29.5,0,0,0,0,0
2026-05-01 14:00,E22.1,41.332,30.9,0,0,0,0,0
2026-05-01 15:00,E22.1,42.835,32.1,0,0,0,0,0
2026-05-01 16:00,E22.1,45.938,32.8,0,0,0,0,0
2026-05-01 17:00,E22.1,48.461,33.0,0,0,0,0,0
2026-05-01 18:00,E22.1,50.433,32.8,0,0,0,0,0
2026-05-01 19:00,E22.1,53.031,32.1,0,0,0,0,0
2026-05-01 20:00,E22.1,53.875,30.9,0,0,0,0,0
2026-05-01 21:00,E22.1,50.843,29.5,0,0,0,0,0
2026-05-01 22:00,E22.1,47.045,27.8,0,0,0,0,0
2026-05-01 23:00,E22.1,44.590,26.0,0,0,0,0,0
2026-05-02 00:00,E22.1,31.752,24.8,0,0,0,0,0
2026-05-02 01:00,E22.1,30.792,23.1,0,0,0,0,0
2026-05-02 02:00,E22.1,30.516,21.7,0,0,0,0,0
2026-05-02 03:00,E22.1,31.626,20.6,0,0,0,0,0
2026-05-02 04:00,E22.1,31.870,19.9,0,0,0,0,0
2026-05-02 05:00,E22.1,31.359,19.6,0,0,0,0,0
2026-05-02 06:00,E22.1,32.597,19.9,0,0,0,0,0
2026-05-02 07:00,E22.1,34.947,20.6,0,0,0,0,0
2026-05-02 08:00,E22.1,35.718,21.7,0,0,0,0,0
2026-05-02 09:00,E22.1,35.388,23.1,0,0,0,0,0
2026-05-02 10:00,E22.1,35.581,24.8,0,0,0,0,0
2026-05-02 11:00,E22.1,34.984,26.6,0,0,0,0,0
2026-05-02 12:00,E22.1,32.735,28.4,0,0,0,0,0
2026-05-02 13:00,E22.1,31.491,30.1,0,0,0,0,0
2026-05-02 14:00,E22.1,33.868,31.6,0,0,0,0,0
2026-05-02 15:00,E22.1,35.692,32.7,0,0,0,0,0
2026-05-02 16:00,E22.1,36.692,33.4,0,0,0,0,0
2026-05-02 17:00,E22.1,39.436,33.6,0,0,0,0,0
2026-05-02 18:00,E22.1,43.454,33.4,0,0,0,0,0
2026-05-02 19:00,E22.1,45.304,32.7,0,0,0,0,0
2026-05-02 20:00,E22.1,44.295,31.6,0,0,0,0,0
2026-05-02 21:00,E22.1,41.888,30.1,0,0,0,0,0
2026-05-02 22:00,E22.1,39.479,28.4,0,0,0,0,0
2026-05-02 23:00,E22.1,35.403,26.6,0,0,0,0,0
2026-05-03 00:00,E22.1,30.446,25.4,0,0,0,0,0
2026-05-03 01:00,E22.1,31.395,23.7,0,0,0,0,0
2026-05-03 02:00,E22.1,31.747,22.3,0,0,0,0,0
2026-05-03 03:00,E22.1,30.785,21.2,0,0,0,0,0
2026-05-03 04:00,E22.1,30.936,20.5,0,0,0,0,0
2026-05-03 05:00,E22.1,32.520,20.2,0,0,0,0,0
2026-05-03 06:00,E22.1,33.312,20.5,0,0,0,0,0
2026-05-03 07:00,E22.1,33.681,21.2,0,0,0,0,0
2026-05-03 08:00,E22.1,35.408,22.3,0,0,0,0,0
2026-05-03 09:00,E22.1,36.813,23.7,0,0,0,0,0
2026-05-03 10:00,E22.1,35.602,25.4,0,0,0,0,0
2026-05-03 11:00,E22.1,33.632,27.2,0,0,0,0,0
2026-05-03 12:00,E22.1,33.141,29.0,0,0,0,0,0
2026-05-03 13:00,E22.1,33.532,30.7,0,0,0,0,0
2026-05-03 14:00,E22.1,33.915,32.2,0,0,0,0,0
2026-05-03 15:00,E22.1,35.333,33.3,0,0,0,0,0
2026-05-03 16:00,E22.1,38.432,34.0,0,0,0,0,0
2026-05-03 17:00,E22.1,41.041,34.2,0,0,0,0,0
2026-05-03 18:00,E22.1,42.995,34.0,0,0,0,0,0
2026-05-03 19:00,E22.1,45.513,33.3,0,0,0,0,0
2026-05-03 20:00,E22.1,46.395,32.2,0,0,0,0,0
2026-05-03 21:00,E22.1,42.834,30.7,0,0,0,0,0
2026-05-03 22:00,E22.1,38.114,29.0,0,0,0,0,0
2026-05-03 23:00,E22.1,35.603,27.2,0,0,0,0,0
2026-05-04 00:00,E22.1,40.838,26.0,0,0,0,0,0
2026-05-04 01:00,E22.1,39.915,24.3,0,0,0,0,0
2026-05-04 02:00,E22.1,39.558,22.8,0,0,0,0,0
2026-05-04 03:00,E22.1,40.651,21.7,0,0,0,0,0
2026-05-04 04:00,E22.1,40.981,21.0,0,0,0,0,0
2026-05-04 05:00,E22.1,40.463,20.8,0,0,0,0,0
2026-05-04 06:00,E22.1,41.618,21.0,0,0,0,0,0
2026-05-04 07:00,E22.1,43.995,21.7,0,0,0,0,0
2026-05-04 08:00,E22.1,44.842,22.8,0,0,0,0,0
2026-05-04 09:00,E22.1,44.466,24.3,0,0,0,0,0
2026-05-04 10:00,E22.1,44.594,26.0,0,0,0,0,0
2026-05-04 11:00,E22.1,44.060,27.8,0,0,0,0,0
2026-05-04 12:00,E22.1,41.860,29.6,0,0,0,0,0
2026-05-04 13:00,E22.1,41.907,31.3,0,0,0,0,0
2026-05-04 14:00,E22.1,44.256,32.7,0,0,0,0,0
2026-05-04 15:00,E22.1,46.163,33.8,0,0,0,0,0
2026-05-04 16:00,E22.1,47.171,34.5,0,0,0,0,0
2026-05-04 17:00,E22.1,49.829,34.8,0,0,0,0,0
2026-05-04 18:00,E22.1,53.862,34.5,0,0,0,0,0
2026-05-04 19:00,E22.1,55.794,33.8,0,0,0,0,0
2026-05-04 20:00,E22.1,54.748,32.7,0,0,0,0,0
2026-05-04 21:00,E22.1,52.270,31.3,0,0,0,0,0
2026-05-04 22:00,E22.1,48.547,29.6,0,0,0,0,0
2026-05-04 23:00,E22.1,44.529,27.8,0,0,0,0,0
2026-05-05 00:00,E22.1,39.503,26.4,0,0,0,0,0
2026-05-05 01:00,E22.1,40.412,24.7,0,0,0,0,0
2026-05-05 02:00,E22.1,40.843,23.3,0,0,0,0,0
2026-05-05 03:00,E22.1,39.901,22.2,0,0,0,0,0
2026-05-05 04:00,E22.1,39.967,21.5,0,0,0,0,0
2026-05-05 05:00,E22.1,41.553,21.2,0,0,0,0,0
2026-05-05 06:00,E22.1,42.430,21.5,0,0,0,0,0
2026-05-05 07:00,E22.1,42.775,22.2,0,0,0,0,0
2026-05-05 08:00,E22.1,44.424,23.3,0,0,0,0,0
2026-05-05 09:00,E22.1,45.873,24.7,0,0,0,0,0
2026-05-05 10:00,E22.1,44.729,26.4,0,0,0,0,0
2026-05-05 11:00,E22.1,42.698,28.2,0,0,0,0,0
2026-05-05 12:00,E22.1,42.205,30.0,0,0,0,0,0
2026-05-05 13:00,E22.1,43.832,31.7,0,0,0,0,0
2026-05-05 14:00,E22.1,44.247,33.2,0,0,0,0,0
2026-05-05 15:00,E22.1,45.582,34.3,0,0,0,0,0
2026-05-05 16:00,E22.1,48.671,35.0,0,0,0,0,0
2026-05-05 17:00,E22.1,51.365,35.2,0,0,0,0,0
2026-05-05 18:00,E22.1,53.308,35.0,0,0,0,0,0
2026-05-05 19:00,E22.1,55.743,34.3,0,0,0,0,0
2026-05-05 20:00,E22.1,56.657,33.2,0,0,0,0,0
2026-05-05 21:00,E22.1,53.171,31.7,0,0,0,0,0
2026-05-05 22:00,E22.1,47.238,30.0,0,0,0,0,0
2026-05-05 23:00,E22.1,44.616,28.2,0,0,0,0,0
2026-05-06 00:00,E22.1,40.918,26.8,0,0,0,0,0
2026-05-06 01:00,E22.1,40.039,25.1,0,0,0,0,0
2026-05-06 02:00,E22.1,39.603,23.6,0,0,0,0,0
2026-05-06 03:00,E22.1,40.673,22.5,0,0,0,0,0
2026-05-06 04:00,E22.1,41.088,21.8,0,0,0,0,0
2026-05-06 05:00,E22.1,40.572,21.6,0,0,0,0,0
2026-05-06 06:00,E22.1,41.641,21.8,0,0,0,0,0
2026-05-06 07:00,E22.1,44.038,22.5,0,0,0,0,0
2026-05-06 08:00,E22.1,44.966,23.6,0,0,0,0,0
2026-05-06 09:00,E22.1,44.549,25.1,0,0,0,0,0
2026-05-06 10:00,E22.1,44.607,26.8,0,0,0,0,0
2026-05-06 11:00,E22.1,44.132,28.6,0,0,0,0,0
2026-05-06 12:00,E22.1,42.478,30.4,0,0,0,0,0
2026-05-06 13:00,E22.1,42.962,32.1,0,0,0,0,0
2026-05-06 14:00,E22.1,45.275,33.5,0,0,0,0,0
2026-05-06 15:00,E22.1,47.265,34.7,0,0,0,0,0
2026-05-06 16:00,E22.1,48.287,35.4,0,0,0,0,0
2026-05-06 17:00,E22.1,50.860,35.6,0,0,0,0,0
2026-05-06 18:00,E22.1,54.900,35.4,0,0,0,0,0
2026-05-06 19:00,E22.1,56.916,34.7,0,0,0,0,0
2026-05-06 20:00,E22.1,55.841,33.5,0,0,0,0,0
2026-05-06 21:00,E22.1,53.286,32.1,0,0,0,0,0
2026-05-06 22:00,E22.1,49.103,30.4,0,0,0,0,0
2026-05-06 23:00,E22.1,44.656,28.6,0,0,0,0,0
2026-05-07 00:00,E22.1,39.565,27.0,0,0,0,0,0
2026-05-07 01:00,E22.1,40.427,25.4,0,0,0,0,0
2026-05-07 02:00,E22.1,40.936,23.9,0,0,0,0,0
2026-05-07 03:00,E22.1,40.020,22.8,0,0,0,0,0
2026-05-07 04:00,E22.1,40.002,22.1,0,0,0,0,0
2026-05-07 05:00,E22.1,41.583,21.9,0,0,0,0,0
2026-05-07 06:00,E22.1,42.545,22.1,0,0,0,0,0
2026-05-07 07:00,E22.1,42.873,22.8,0,0,0,0,0
2026-05-07 08:00,E22.1,44.441,23.9,0,0,0,0,0
2026-05-07 09:00,E22.1,45.928,25.4,0,0,0,0,0
2026-05-07 10:00,E22.1,44.855,27.0,0,0,0,0,0
2026-05-07 11:00,E22.1,42.768,28.9,0,0,0,0,0
2026-05-07 12:00,E22.1,42.967,30.7,0,0,0,0,0
2026-05-07 13:00,E22.1,44.665,32.4,0,0,0,0,0
2026-05-07 14:00,E22.1,45.118,33.8,0,0,0,0,0
2026-05-07 15:00,E22.1,46.373,34.9,0,0,0,0,0
2026-05-07 16:00,E22.1,49.444,35.6,0,0,0,0,0
2026-05-07 17:00,E22.1,52.224,35.9,0,0,0,0,0
2026-05-07 18:00,E22.1,54.162,35.6,0,0,0,0,0
2026-05-07 19:00,E22.1,56.512,34.9,0,0,0,0,0
2026-05-07 20:00,E22.1,57.453,33.8,0,0,0,0,0
2026-05-07 21:00,E22.1,54.044,32.4,0,0,0,0,0
2026-05-07 22:00,E22.1,48.065,30.7,0,0,0,0,0
2026-05-07 23:00,E22.1,44.629,28.9,0,0,0,0,0
2026-05-08 00:00,E22.1,40.994,27.2,0,0,0,0,0
2026-05-08 01:00,E22.1,40.164,25.5,0,0,0,0,0
2026-05-08 02:00,E22.1,39.653,24.0,0,0,0,0,0
2026-05-08 03:00,E22.1,40.693,22.9,0,0,0,0,0
2026-05-08 04:00,E22.1,41.191,22.2,0,0,0,0,0
2026-05-08 05:00,E22.1,40.683,22.0,0,0,0,0,0
2026-05-08 06:00,E22.1,41.667,22.2,0,0,0,0,0
2026-05-08 07:00,E22.1,44.078,22.9,0,0,0,0,0
2026-05-08 08:00,E22.1,45.088,24.0,0,0,0,0,0
2026-05-08 09:00,E22.1,44.636,25.5,0,0,0,0,0
2026-05-08 10:00,E22.1,44.621,27.2,0,0,0,0,0
2026-05-08 11:00,E22.1,44.200,29.0,0,0,0,0,0
2026-05-08 12:00,E22.1,43.067,30.8,0,0,0,0,0
2026-05-08 13:00,E22.1,43.483,32.5,0,0,0,0,0
2026-05-08 14:00,E22.1,45.754,33.9,0,0,0,0,0
2026-05-08 15:00,E22.1,47.823,35.0,0,0,0,0,0
2026-05-08 16:00,E22.1,48.866,35.7,0,0,0,0,0
2026-05-08 17:00,E22.1,51.354,36.0,0,0,0,0,0
2026-05-08 18:00,E22.1,55.395,35.7,0,0,0,0,0
2026-05-08 19:00,E22.1,57.496,35.0,0,0,0,0,0
2026-05-08 20:00,E22.1,56.398,33.9,0,0,0,0,0
2026-05-08 21:00,E22.1,53.764,32.5,0,0,0,0,0
2026-05-08 22:00,E22.1,49.624,30.8,0,0,0,0,0
2026-05-08 23:00,E22.1,44.783,29.0,0,0,0,0,0
2026-05-09 00:00,E22.1,30.631,27.2,0,0,0,0,0
2026-05-09 01:00,E22.1,31.441,25.5,0,0,0,0,0
2026-05-09 02:00,E22.1,32.024,24.0,0,0,0,0,0
2026-05-09 03:00,E22.1,31.142,22.9,0,0,0,0,0
2026-05-09 04:00,E22.1,31.041,22.2,0,0,0,0,0
2026-05-09 05:00,E22.1,32.610,22.0,0,0,0,0,0
2026-05-09 06:00,E22.1,33.657,22.2,0,0,0,0,0
2026-05-09 07:00,E22.1,33.975,22.9,0,0,0,0,0
2026-05-09 08:00,E22.1,35.461,24.0,0,0,0,0,0
2026-05-09 09:00,E22.1,36.979,25.5,0,0,0,0,0
2026-05-09 10:00,E22.1,35.981,27.2,0,0,0,0,0
2026-05-09 11:00,E22.1,33.843,29.0,0,0,0,0,0
2026-05-09 12:00,E22.1,34.136,30.8,0,0,0,0,0
2026-05-09 13:00,E22.1,35.901,32.5,0,0,0,0,0
2026-05-09 14:00,E22.1,36.399,33.9,0,0,0,0,0
2026-05-09 15:00,E22.1,37.575,35.0,0,0,0,0,0
2026-05-09 16:00,E22.1,40.622,35.7,0,0,0,0,0
2026-05-09 17:00,E22.1,43.486,36.0,0,0,0,0,0
2026-05-09 18:00,E22.1,45.427,35.7,0,0,0,0,0
2026-05-09 19:00,E22.1,47.692,35.0,0,0,0,0,0
2026-05-09 20:00,E22.1,48.653,33.9,0,0,0,0,0
2026-05-09 21:00,E22.1,45.324,32.5,0,0,0,0,0
2026-05-09 22:00,E22.1,39.305,30.8,0,0,0,0,0
2026-05-09 23:00,E22.1,35.643,29.0,0,0,0,0,0
2026-05-10 00:00,E22.1,32.066,27.0,0,0,0,0,0
2026-05-10 01:00,E22.1,31.290,25.4,0,0,0,0,0
2026-05-10 02:00,E22.1,30.707,23.9,0,0,0,0,0
2026-05-10 03:00,E22.1,31.710,22.8,0,0,0,0,0
2026-05-10 04:00,E22.1,32.290,22.1,0,0,0,0,0
2026-05-10 05:00,E22.1,31.798,21.9,0,0,0,0,0
2026-05-10 06:00,E22.1,32.696,22.1,0,0,0,0,0
2026-05-10 07:00,E22.1,35.114,22.8,0,0,0,0,0
2026-05-10 08:00,E22.1,36.207,23.9,0,0,0,0,0
2026-05-10 09:00,E22.1,35.727,25.4,0,0,0,0,0
2026-05-10 10:00,E22.1,35.636,27.0,0,0,0,0,0
2026-05-10 11:00,E22.1,35.263,28.9,0,0,0,0,0
2026-05-10 12:00,E22.1,34.038,30.7,0,0,0,0,0
2026-05-10 13:00,E22.1,34.389,32.4,0,0,0,0,0
2026-05-10 14:00,E22.1,36.613,33.8,0,0,0,0,0
2026-05-10 15:00,E22.1,38.759,34.9,0,0,0,0,0
2026-05-10 16:00,E22.1,39.829,35.6,0,0,0,0,0
2026-05-10 17:00,E22.1,42.233,35.9,0,0,0,0,0
2026-05-10 18:00,E22.1,46.268,35.6,0,0,0,0,0
2026-05-10 19:00,E22.1,48.454,34.9,0,0,0,0,0
2026-05-10 20:00,E22.1,47.341,33.8,0,0,0,0,0
2026-05-10 21:00,E22.1,44.626,32.4,0,0,0,0,0
2026-05-10 22:00,E22.1,40.522,30.7,0,0,0,0,0
2026-05-10 23:00,E22.1,35.909,28.9,0,0,0,0,0
2026-05-11 00:00,E22.1,39.702,26.8,0,0,0,0,0
2026-05-11 01:00,E22.1,40.454,25.1,0,0,0,0,0
2026-05-11 02:00,E22.1,41.108,23.6,0,0,0,0,0
2026-05-11 03:00,E22.1,40.265,22.5,0,0,0,0,0
2026-05-11 04:00,E22.1,40.083,21.8,0,0,0,0,0
2026-05-11 05:00,E22.1,41.634,21.6,0,0,0,0,0
2026-05-11 06:00,E22.1,42.767,21.8,0,0,0,0,0
2026-05-11 07:00,E22.1,43.081,22.5,0,0,0,0,0
2026-05-11 08:00,E22.1,44.482,23.6,0,0,0,0,0
2026-05-11 09:00,E22.1,46.026,25.1,0,0,0,0,0
2026-05-11 10:00,E22.1,45.105,26.8,0,0,0,0,0
2026-05-11 11:00,E22.1,42.922,28.6,0,0,0,0,0
2026-05-11 12:00,E22.1,42.687,30.4,0,0,0,0,0
2026-05-11 13:00,E22.1,44.514,32.1,0,0,0,0,0
2026-05-11 14:00,E22.1,45.062,33.5,0,0,0,0,0
2026-05-11 15:00,E22.1,46.163,34.7,0,0,0,0,0
2026-05-11 16:00,E22.1,49.179,35.4,0,0,0,0,0
2026-05-11 17:00,E22.1,52.126,35.6,0,0,0,0,0
2026-05-11 18:00,E22.1,54.077,35.4,0,0,0,0,0
2026-05-11 19:00,E22.1,56.256,34.7,0,0,0,0,0
2026-05-11 20:00,E22.1,57.229,33.5,0,0,0,0,0
2026-05-11 21:00,E22.1,53.983,32.1,0,0,0,0,0
2026-05-11 22:00,E22.1,47.930,30.4,0,0,0,0,0
2026-05-11 23:00,E22.1,44.657,28.6,0,0,0,0,0
2026-05-12 00:00,E22.1,41.132,26.4,0,0,0,0,0
2026-05-12 01:00,E22.1,40.417,24.7,0,0,0,0,0
2026-05-12 02:00,E22.1,39.766,23.3,0,0,0,0,0
2026-05-12 03:00,E22.1,40.726,22.2,0,0,0,0,0
2026-05-12 04:00,E22.1,41.385,21.5,0,0,0,0,0
2026-05-12 05:00,E22.1,40.915,21.2,0,0,0,0,0
2026-05-12 06:00,E22.1,41.729,21.5,0,0,0,0,0
2026-05-12 07:00,E22.1,44.146,22.2,0,0,0,0,0
2026-05-12 08:00,E22.1,45.325,23.3,0,0,0,0,0
2026-05-12 09:00,E22.1,44.823,24.7,0,0,0,0,0
2026-05-12 10:00,E22.1,44.652,26.4,0,0,0,0,0
2026-05-12 11:00,E22.1,44.321,28.2,0,0,0,0,0
2026-05-12 12:00,E22.1,42.416,30.0,0,0,0,0,0
2026-05-12 13:00,E22.1,42.707,31.7,0,0,0,0,0
2026-05-12 14:00,E22.1,44.878,33.2,0,0,0,0,0
2026-05-12 15:00,E22.1,47.097,34.3,0,0,0,0,0
2026-05-12 16:00,E22.1,48.202,35.0,0,0,0,0,0
2026-05-12 17:00,E22.1,50.524,35.2,0,0,0,0,0
2026-05-12 18:00,E22.1,54.546,35.0,0,0,0,0,0
2026-05-12 19:00,E22.1,56.818,34.3,0,0,0,0,0
2026-05-12 20:00,E22.1,55.695,33.2,0,0,0,0,0
2026-05-12 21:00,E22.1,52.897,31.7,0,0,0,0,0
2026-05-12 22:00,E22.1,48.824,30.0,0,0,0,0,0
2026-05-12 23:00,E22.1,45.035,28.2,0,0,0,0,0
2026-05-13 00:00,E22.1,39.777,26.0,0,0,0,0,0
2026-05-13 01:00,E22.1,40.467,24.3,0,0,0,0,0
2026-05-13 02:00,E22.1,41.187,22.8,0,0,0,0,0
2026-05-13 03:00,E22.1,40.389,21.7,0,0,0,0,0
2026-05-13 04:00,E22.1,40.130,21.0,0,0,0,0,0
2026-05-13 05:00,E22.1,41.655,20.8,0,0,0,0,0
2026-05-13 06:00,E22.1,42.872,21.0,0,0,0,0,0
2026-05-13 07:00,E22.1,43.191,21.7,0,0,0,0,0
2026-05-13 08:00,E22.1,44.506,22.8,0,0,0,0,0
2026-05-13 09:00,E22.1,46.068,24.3,0,0,0,0,0
2026-05-13 10:00,E22.1,45.228,26.0,0,0,0,0,0
2026-05-13 11:00,E22.1,43.006,27.8,0,0,0,0,0
2026-05-13 12:00,E22.1,42.208,29.6,0,0,0,0,0
2026-05-13 13:00,E22.1,43.583,31.3,0,0,0,0,0
2026-05-13 14:00,E22.1,44.187,32.7,0,0,0,0,0
2026-05-13 15:00,E22.1,45.217,33.8,0,0,0,0,0
2026-05-13 16:00,E22.1,48.195,34.5,0,0,0,0,0
2026-05-13 17:00,E22.1,51.223,34.8,0,0,0,0,0
2026-05-13 18:00,E22.1,53.190,34.5,0,0,0,0,0
2026-05-13 19:00,E22.1,55.284,33.8,0,0,0,0,0
2026-05-13 20:00,E22.1,56.263,32.7,0,0,0,0,0
2026-05-13 21:00,E22.1,53.100,31.3,0,0,0,0,0
2026-05-13 22:00,E22.1,47.530,29.6,0,0,0,0,0
2026-05-13 23:00,E22.1,44.672,27.8,0,0,0,0,0
2026-05-14 00:00,E22.1,41.194,25.4,0,0,0,0,0
2026-05-14 01:00,E22.1,40.544,23.7,0,0,0,0,0
2026-05-14 02:00,E22.1,39.829,22.3,0,0,0,0,0
2026-05-14 03:00,E22.1,40.741,21.2,0,0,0,0,0
2026-05-14 04:00,E22.1,41.476,20.5,0,0,0,0,0
2026-05-14 05:00,E22.1,41.035,20.2,0,0,0,0,0
2026-05-14 06:00,E22.1,41.765,20.5,0,0,0,0,0
2026-05-14 07:00,E22.1,44.175,21.2,0,0,0,0,0
2026-05-14 08:00,E22.1,45.439,22.3,0,0,0,0,0
2026-05-14 09:00,E22.1,44.922,23.7,0,0,0,0,0
2026-05-14 10:00,E22.1,44.670,25.4,0,0,0,0,0
2026-05-14 11:00,E22.1,44.375,27.2,0,0,0,0,0
2026-05-14 12:00,E22.1,42.493,29.0,0,0,0,0,0
2026-05-14 13:00,E22.1,41.568,30.7,0,0,0,0,0
2026-05-14 14:00,E22.1,43.681,32.2,0,0,0,0,0
2026-05-14 15:00,E22.1,45.969,33.3,0,0,0,0,0
2026-05-14 16:00,E22.1,47.115,34.0,0,0,0,0,0
2026-05-14 17:00,E22.1,49.356,34.2,0,0,0,0,0
2026-05-14 18:00,E22.1,53.359,34.0,0,0,0,0,0
2026-05-14 19:00,E22.1,55.715,33.3,0,0,0,0,0
2026-05-14 20:00,E22.1,54.591,32.2,0,0,0,0,0
2026-05-14 21:00,E22.1,51.708,30.7,0,0,0,0,0
2026-05-14 22:00,E22.1,48.821,29.0,0,0,0,0,0
2026-05-14 23:00,E22.1,45.159,27.2,0,0,0,0,0
2026-05-15 00:00,E22.1,39.858,24.8,0,0,0,0,0
2026-05-15 01:00,E22.1,40.480,23.1,0,0,0,0,0
2026-05-15 02:00,E22.1,41.261,21.7,0,0,0,0,0
2026-05-15 03:00,E22.1,40.515,20.6,0,0,0,0,0
2026-05-15 04:00,E22.1,40.181,19.9,0,0,0,0,0
2026-05-15 05:00,E22.1,41.674,19.6,0,0,0,0,0
2026-05-15 06:00,E22.1,42.974,19.9,0,0,0,0,0
2026-05-15 07:00,E22.1,43.303,20.6,0,0,0,0,0
2026-05-15 08:00,E22.1,44.533,21.7,0,0,0,0,0
2026-05-15 09:00,E22.1,46.106,23.1,0,0,0,0,0
2026-05-15 10:00,E22.1,45.349,24.8,0,0,0,0,0
2026-05-15 11:00,E22.1,43.095,26.6,0,0,0,0,0
2026-05-15 12:00,E22.1,42.222,28.4,0,0,0,0,0
2026-05-15 13:00,E22.1,42.281,30.1,0,0,0,0,0
2026-05-15 14:00,E22.1,42.946,31.6,0,0,0,0,0
2026-05-15 15:00,E22.1,43.908,32.7,0,0,0,0,0
2026-05-15 16:00,E22.1,46.843,33.4,0,0,0,0,0
2026-05-15 17:00,E22.1,49.950,33.6,0,0,0,0,0
2026-05-15 18:00,E22.1,51.940,33.4,0,0,0,0,0
2026-05-15 19:00,E22.1,53.950,32.7,0,0,0,0,0
2026-05-15 20:00,E22.1,54.927,31.6,0,0,0,0,0
2026-05-15 21:00,E22.1,51.849,30.1,0,0,0,0,0
2026-05-15 22:00,E22.1,47.626,28.4,0,0,0,0,0
2026-05-15 23:00,E22.1,44.688,26.6,0,0,0,0,0
2026-05-16 00:00,E22.1,32.252,24.2,0,0,0,0,0
2026-05-16 01:00,E22.1,31.671,22.5,0,0,0,0,0
2026-05-16 02:00,E22.1,30.897,21.1,0,0,0,0,0
2026-05-16 03:00,E22.1,31.755,19.9,0,0,0,0,0
2026-05-16 04:00,E22.1,32.563,19.2,0,0,0,0,0
2026-05-16 05:00,E22.1,32.157,19.0,0,0,0,0,0
2026-05-16 06:00,E22.1,32.805,19.2,0,0,0,0,0
2026-05-16 07:00,E22.1,35.201,19.9,0,0,0,0,0
2026-05-16 08:00,E22.1,36.550,21.1,0,0,0,0,0
2026-05-16 09:00,E22.1,36.026,22.5,0,0,0,0,0
2026-05-16 10:00,E22.1,35.690,24.2,0,0,0,0,0
2026-05-16 11:00,E22.1,35.424,26.0,0,0,0,0,0
2026-05-16 12:00,E22.1,33.618,27.8,0,0,0,0,0
2026-05-16 13:00,E22.1,31.780,29.5,0,0,0,0,0
2026-05-16 14:00,E22.1,33.229,30.9,0,0,0,0,0
2026-05-16 15:00,E22.1,35.583,32.1,0,0,0,0,0
2026-05-16 16:00,E22.1,36.775,32.8,0,0,0,0,0
2026-05-16 17:00,E22.1,38.940,33.0,0,0,0,0,0
2026-05-16 18:00,E22.1,42.915,32.8,0,0,0,0,0
2026-05-16 19:00,E22.1,45.356,32.1,0,0,0,0,0
2026-05-16 20:00,E22.1,44.236,30.9,0,0,0,0,0
2026-05-16 21:00,E22.1,41.868,29.5,0,0,0,0,0
2026-05-16 22:00,E22.1,39.862,27.8,0,0,0,0,0
2026-05-16 23:00,E22.1,36.282,26.0,0,0,0,0,0
2026-05-17 00:00,E22.1,30.942,23.6,0,0,0,0,0
2026-05-17 01:00,E22.1,31.494,21.9,0,0,0,0,0
2026-05-17 02:00,E22.1,32.331,20.4,0,0,0,0,0
2026-05-17 03:00,E22.1,31.641,19.3,0,0,0,0,0
2026-05-17 04:00,E22.1,31.237,18.6,0,0,0,0,0
2026-05-17 05:00,E22.1,32.691,18.4,0,0,0,0,0
2026-05-17 06:00,E22.1,34.072,18.6,0,0,0,0,0
2026-05-17 07:00,E22.1,34.419,19.3,0,0,0,0,0
2026-05-17 08:00,E22.1,35.564,20.4,0,0,0,0,0
2026-05-17 09:00,E22.1,37.141,21.9,0,0,0,0,0
2026-05-17 10:00,E22.1,36.468,23.6,0,0,0,0,0
2026-05-17 11:00,E22.1,34.187,25.4,0,0,0,0,0
2026-05-17 12:00,E22.1,33.238,27.2,0,0,0,0,0
2026-05-17 13:00,E22.1,33.194,28.9,0,0,0,0,0
2026-05-17 14:00,E22.1,32.576,30.3,0,0,0,0,0
2026-05-17 15:00,E22.1,33.475,31.4,0,0,0,0,0
2026-05-17 16:00,E22.1,36.361,32.1,0,0,0,0,0
2026-05-17 17:00,E22.1,39.544,32.4,0,0,0,0,0
2026-05-17 18:00,E22.1,41.564,32.1,0,0,0,0,0
2026-05-17 19:00,E22.1,43.490,31.4,0,0,0,0,0
2026-05-17 20:00,E22.1,44.458,30.3,0,0,0,0,0
2026-05-17 21:00,E22.1,42.815,28.9,0,0,0,0,0
2026-05-17 22:00,E22.1,38.727,27.2,0,0,0,0,0
2026-05-17 23:00,E22.1,35.707,25.4,0,0,0,0,0
2026-05-18 00:00,E22.1,41.305,23.0,0,0,0,0,0
2026-05-18 01:00,E22.1,40.797,21.3,0,0,0,0,0
2026-05-18 02:00,E22.1,39.969,19.8,0,0,0,0,0
2026-05-18 03:00,E22.1,40.768,18.7,0,0,0,0,0
2026-05-18 04:00,E22.1,41.645,18.0,0,0,0,0,0
2026-05-18 05:00,E22.1,41.281,17.8,0,0,0,0,0
2026-05-18 06:00,E22.1,41.849,18.0,0,0,0,0,0
2026-05-18 07:00,E22.1,44.224,18.7,0,0,0,0,0
2026-05-18 08:00,E22.1,45.658,19.8,0,0,0,0,0
2026-05-18 09:00,E22.1,45.133,21.3,0,0,0,0,0
2026-05-18 10:00,E22.1,44.712,23.0,0,0,0,0,0
2026-05-18 11:00,E22.1,44.469,24.8,0,0,0,0,0
2026-05-18 12:00,E22.1,42.743,26.6,0,0,0,0,0
2026-05-18 13:00,E22.1,40.861,28.3,0,0,0,0,0
2026-05-18 14:00,E22.1,41.103,29.7,0,0,0,0,0
2026-05-18 15:00,E22.1,43.193,30.8,0,0,0,0,0
2026-05-18 16:00,E22.1,44.437,31.5,0,0,0,0,0
2026-05-18 17:00,E22.1,46.527,31.8,0,0,0,0,0
2026-05-18 18:00,E22.1,50.470,31.5,0,0,0,0,0
2026-05-18 19:00,E22.1,52.993,30.8,0,0,0,0,0
2026-05-18 20:00,E22.1,52.210,29.7,0,0,0,0,0
2026-05-18 21:00,E22.1,50.895,28.3,0,0,0,0,0
2026-05-18 22:00,E22.1,48.900,26.6,0,0,0,0,0
2026-05-18 23:00,E22.1,45.403,24.8,0,0,0,0,0
2026-05-19 00:00,E22.1,40.031,22.4,0,0,0,0,0
2026-05-19 01:00,E22.1,40.508,20.7,0,0,0,0,0
2026-05-19 02:00,E22.1,41.396,19.3,0,0,0,0,0
2026-05-19 03:00,E22.1,40.768,18.2,0,0,0,0,0
2026-05-19 04:00,E22.1,40.297,17.5,0,0,0,0,0
2026-05-19 05:00,E22.1,41.707,17.2,0,0,0,0,0
2026-05-19 06:00,E22.1,43.166,17.5,0,0,0,0,0
2026-05-19 07:00,E22.1,43.537,18.2,0,0,0,0,0
2026-05-19 08:00,E22.1,44.597,19.3,0,0,0,0,0
2026-05-19 09:00,E22.1,46.172,20.7,0,0,0,0,0
2026-05-19 10:00,E22.1,45.585,22.4,0,0,0,0,0
2026-05-19 11:00,E22.1,43.284,24.2,0,0,0,0,0
2026-05-19 12:00,E22.1,42.254,26.0,0,0,0,0,0
2026-05-19 13:00,E22.1,42.251,27.7,0,0,0,0,0
2026-05-19 14:00,E22.1,41.312,29.2,0,0,0,0,0
2026-05-19 15:00,E22.1,41.176,30.3,0,0,0,0,0
2026-05-19 16:00,E22.1,44.007,31.0,0,0,0,0,0
2026-05-19 17:00,E22.1,47.262,31.2,0,0,0,0,0
2026-05-19 18:00,E22.1,49.318,31.0,0,0,0,0,0
2026-05-19 19:00,E22.1,51.163,30.3,0,0,0,0,0
2026-05-19 20:00,E22.1,53.093,29.2,0,0,0,0,0
2026-05-19 21:00,E22.1,51.926,27.7,0,0,0,0,0
2026-05-19 22:00,E22.1,47.831,26.0,0,0,0,0,0
2026-05-19 23:00,E22.1,44.727,24.2,0,0,0,0,0
2026-05-20 00:00,E22.1,41.354,22.0,0,0,0,0,0
2026-05-20 01:00,E22.1,40.922,20.3,0,0,0,0,0
2026-05-20 02:00,E22.1,40.046,18.8,0,0,0,0,0
2026-05-20 03:00,E22.1,40.781,17.7,0,0,0,0,0
2026-05-20 04:00,E22.1,41.723,17.0,0,0,0,0,0
2026-05-20 05:00,E22.1,41.406,16.8,0,0,0,0,0
2026-05-20 06:00,E22.1,41.897,17.0,0,0,0,0,0
2026-05-20 07:00,E22.1,44.245,17.7,0,0,0,0,0
2026-05-20 08:00,E22.1,45.763,18.8,0,0,0,0,0
2026-05-20 09:00,E22.1,45.243,20.3,0,0,0,0,0
2026-05-20 10:00,E22.1,44.737,22.0,0,0,0,0,0
2026-05-20 11:00,E22.1,44.510,23.8,0,0,0,0,0
2026-05-20 12:00,E22.1,42.865,25.6,0,0,0,0,0
2026-05-20 13:00,E22.1,40.946,27.3,0,0,0,0,0
2026-05-20 14:00,E22.1,41.116,28.7,0,0,0,0,0
2026-05-20 15:00,E22.1,42.252,29.8,0,0,0,0,0
2026-05-20 16:00,E22.1,43.352,30.5,0,0,0,0,0
2026-05-20 17:00,E22.1,45.373,30.8,0,0,0,0,0
2026-05-20 18:00,E22.1,49.276,30.5,0,0,0,0,0
2026-05-20 19:00,E22.1,52.080,29.8,0,0,0,0,0
2026-05-20 20:00,E22.1,52.326,28.7,0,0,0,0,0
2026-05-20 21:00,E22.1,50.926,27.3,0,0,0,0,0
2026-05-20 22:00,E22.1,48.934,25.6,0,0,0,0,0
2026-05-20 23:00,E22.1,45.521,23.8,0,0,0,0,0
2026-05-21 00:00,E22.1,40.125,21.6,0,0,0,0,0
2026-05-21 01:00,E22.1,40.524,19.9,0,0,0,0,0
2026-05-21 02:00,E22.1,41.457,18.5,0,0,0,0,0
2026-05-21 03:00,E22.1,40.895,17.3,0,0,0,0,0
2026-05-21 04:00,E22.1,40.362,16.6,0,0,0,0,0
2026-05-21 05:00,E22.1,41.721,16.4,0,0,0,0,0
2026-05-21 06:00,E22.1,43.256,16.6,0,0,0,0,0
2026-05-21 07:00,E22.1,43.658,17.3,0,0,0,0,0
2026-05-21 08:00,E22.1,44.635,18.5,0,0,0,0,0
2026-05-21 09:00,E22.1,46.200,19.9,0,0,0,0,0
2026-05-21 10:00,E22.1,45.698,21.6,0,0,0,0,0
2026-05-21 11:00,E22.1,43.385,23.4,0,0,0,0,0
2026-05-21 12:00,E22.1,42.273,25.2,0,0,0,0,0
2026-05-21 13:00,E22.1,42.303,26.9,0,0,0,0,0
2026-05-21 14:00,E22.1,41.438,28.4,0,0,0,0,0
2026-05-21 15:00,E22.1,40.891,29.5,0,0,0,0,0
2026-05-21 16:00,E22.1,43.018,30.2,0,0,0,0,0
2026-05-21 17:00,E22.1,46.342,30.4,0,0,0,0,0
2026-05-21 18:00,E22.1,48.440,30.2,0,0,0,0,0
2026-05-21 19:00,E22.1,50.849,29.5,0,0,0,0,0
2026-05-21 20:00,E22.1,53.115,28.4,0,0,0,0,0
2026-05-21 21:00,E22.1,52.033,26.9,0,0,0,0,0
2026-05-21 22:00,E22.1,47.938,25.2,0,0,0,0,0
2026-05-21 23:00,E22.1,44.750,23.4,0,0,0,0,0
2026-05-22 00:00,E22.1,41.398,21.3,0,0,0,0,0
2026-05-22 01:00,E22.1,41.046,19.6,0,0,0,0,0
2026-05-22 02:00,E22.1,40.128,18.2,0,0,0,0,0
2026-05-22 03:00,E22.1,40.795,17.1,0,0,0,0,0
2026-05-22 04:00,E22.1,41.796,16.4,0,0,0,0,0
2026-05-22 05:00,E22.1,41.532,16.1,0,0,0,0,0
2026-05-22 06:00,E22.1,41.950,16.4,0,0,0,0,0
2026-05-22 07:00,E22.1,44.263,17.1,0,0,0,0,0
2026-05-22 08:00,E22.1,45.864,18.2,0,0,0,0,0
2026-05-22 09:00,E22.1,45.357,19.6,0,0,0,0,0
2026-05-22 10:00,E22.1,44.765,21.3,0,0,0,0,0
2026-05-22 11:00,E22.1,44.548,23.1,0,0,0,0,0
2026-05-22 12:00,E22.1,42.985,25.0,0,0,0,0,0
2026-05-22 13:00,E22.1,41.036,26.6,0,0,0,0,0
2026-05-22 14:00,E22.1,41.131,28.1,0,0,0,0,0
2026-05-22 15:00,E22.1,42.316,29.2,0,0,0,0,0
2026-05-22 16:00,E22.1,42.841,29.9,0,0,0,0,0
2026-05-22 17:00,E22.1,44.685,30.1,0,0,0,0,0
2026-05-22 18:00,E22.1,48.653,29.9,0,0,0,0,0
2026-05-22 19:00,E22.1,52.173,29.2,0,0,0,0,0
2026-05-22 20:00,E22.1,52.444,28.1,0,0,0,0,0
2026-05-22 21:00,E22.1,50.960,26.6,0,0,0,0,0
2026-05-22 22:00,E22.1,48.965,25.0,0,0,0,0,0
2026-05-22 23:00,E22.1,45.637,23.1,0,0,0,0,0
2026-05-23 00:00,E22.1,31.222,21.2,0,0,0,0,0
2026-05-23 01:00,E22.1,31.541,19.5,0,0,0,0,0
2026-05-23 02:00,E22.1,32.513,18.1,0,0,0,0,0
2026-05-23 03:00,E22.1,32.022,17.0,0,0,0,0,0
2026-05-23 04:00,E22.1,31.431,16.3,0,0,0,0,0
2026-05-23 05:00,E22.1,32.735,16.0,0,0,0,0,0
2026-05-23 06:00,E22.1,34.341,16.3,0,0,0,0,0
2026-05-23 07:00,E22.1,34.780,17.0,0,0,0,0,0
2026-05-23 08:00,E22.1,35.676,18.1,0,0,0,0,0
2026-05-23 09:00,E22.1,37.225,19.5,0,0,0,0,0
2026-05-23 10:00,E22.1,36.808,21.2,0,0,0,0,0
2026-05-23 11:00,E22.1,34.490,23.0,0,0,0,0,0
2026-05-23 12:00,E22.1,33.294,24.8,0,0,0,0,0
2026-05-23 13:00,E22.1,33.351,26.5,0,0,0,0,0
2026-05-23 14:00,E22.1,32.563,28.0,0,0,0,0,0
2026-05-23 15:00,E22.1,31.969,29.1,0,0,0,0,0
2026-05-23 16:00,E22.1,33.835,29.8,0,0,0,0,0
2026-05-23 17:00,E22.1,36.956,30.0,0,0,0,0,0
2026-05-23 18:00,E22.1,39.370,29.8,0,0,0,0,0
2026-05-23 19:00,E22.1,41.898,29.1,0,0,0,0,0
2026-05-23 20:00,E22.1,44.135,28.0,0,0,0,0,0
2026-05-23 21:00,E22.1,43.137,26.5,0,0,0,0,0
2026-05-23 22:00,E22.1,39.050,24.8,0,0,0,0,0
2026-05-23 23:00,E22.1,35.775,23.0,0,0,0,0,0
2026-05-24 00:00,E22.1,32.439,21.2,0,0,0,0,0
2026-05-24 01:00,E22.1,32.168,19.5,0,0,0,0,0
2026-05-24 02:00,E22.1,31.214,18.1,0,0,0,0,0
2026-05-24 03:00,E22.1,31.808,17.0,0,0,0,0,0
2026-05-24 04:00,E22.1,32.864,16.3,0,0,0,0,0
2026-05-24 05:00,E22.1,32.658,16.0,0,0,0,0,0
2026-05-24 06:00,E22.1,33.007,16.3,0,0,0,0,0
2026-05-24 07:00,E22.1,35.280,17.0,0,0,0,0,0
2026-05-24 08:00,E22.1,36.960,18.1,0,0,0,0,0
2026-05-24 09:00,E22.1,36.474,19.5,0,0,0,0,0
2026-05-24 10:00,E22.1,35.796,21.2,0,0,0,0,0
2026-05-24 11:00,E22.1,35.581,23.0,0,0,0,0,0
2026-05-24 12:00,E22.1,34.103,24.8,0,0,0,0,0
2026-05-24 13:00,E22.1,32.130,26.5,0,0,0,0,0
2026-05-24 14:00,E22.1,32.147,28.0,0,0,0,0,0
2026-05-24 15:00,E22.1,33.376,29.1,0,0,0,0,0
2026-05-24 16:00,E22.1,33.968,29.8,0,0,0,0,0
2026-05-24 17:00,E22.1,35.594,30.0,0,0,0,0,0
2026-05-24 18:00,E22.1,39.667,29.8,0,0,0,0,0
2026-05-24 19:00,E22.1,43.262,29.1,0,0,0,0,0
2026-05-24 20:00,E22.1,43.565,28.0,0,0,0,0,0
2026-05-24 21:00,E22.1,41.998,26.5,0,0,0,0,0
2026-05-24 22:00,E22.1,39.992,24.8,0,0,0,0,0
2026-05-24 23:00,E22.1,36.750,23.0,0,0,0,0,0
2026-05-25 00:00,E22.1,40.324,21.3,0,0,0,0,0
2026-05-25 01:00,E22.1,40.560,19.6,0,0,0,0,0
2026-05-25 02:00,E22.1,41.565,18.2,0,0,0,0,0
2026-05-25 03:00,E22.1,41.148,17.1,0,0,0,0,0
2026-05-25 04:00,E22.1,40.505,16.4,0,0,0,0,0
2026-05-25 05:00,E22.1,41.748,16.1,0,0,0,0,0
2026-05-25 06:00,E22.1,43.422,16.4,0,0,0,0,0
2026-05-25 07:00,E22.1,43.904,17.1,0,0,0,0,0
2026-05-25 08:00,E22.1,44.721,18.2,0,0,0,0,0
2026-05-25 09:00,E22.1,46.247,19.6,0,0,0,0,0
2026-05-25 10:00,E22.1,45.915,21.3,0,0,0,0,0
2026-05-25 11:00,E22.1,43.598,23.1,0,0,0,0,0
2026-05-25 12:00,E22.1,42.317,25.0,0,0,0,0,0
2026-05-25 13:00,E22.1,42.395,26.6,0,0,0,0,0
2026-05-25 14:00,E22.1,41.686,28.1,0,0,0,0,0
2026-05-25 15:00,E22.1,41.051,29.2,0,0,0,0,0
2026-05-25 16:00,E22.1,42.848,29.9,0,0,0,0,0
2026-05-25 17:00,E22.1,46.185,30.1,0,0,0,0,0
2026-05-25 18:00,E22.1,48.496,29.9,0,0,0,0,0
2026-05-25 19:00,E22.1,50.951,29.2,0,0,0,0,0
2026-05-25 20:00,E22.1,53.154,28.1,0,0,0,0,0
2026-05-25 21:00,E22.1,52.237,26.6,0,0,0,0,0
2026-05-25 22:00,E22.1,48.164,25.0,0,0,0,0,0
2026-05-25 23:00,E22.1,44.804,23.1,0,0,0,0,0
2026-05-26 00:00,E22.1,41.475,21.6,0,0,0,0,0
2026-05-26 01:00,E22.1,41.288,19.9,0,0,0,0,0
2026-05-26 02:00,E22.1,40.304,18.5,0,0,0,0,0
2026-05-26 03:00,E22.1,40.823,17.3,0,0,0,0,0
2026-05-26 04:00,E22.1,41.928,16.6,0,0,0,0,0
2026-05-26 05:00,E22.1,41.785,16.4,0,0,0,0,0
2026-05-26 06:00,E22.1,42.068,16.6,0,0,0,0,0
2026-05-26 07:00,E22.1,44.295,17.3,0,0,0,0,0
2026-05-26 08:00,E22.1,46.053,18.5,0,0,0,0,0
2026-05-26 09:00,E22.1,45.593,19.9,0,0,0,0,0
2026-05-26 10:00,E22.1,44.831,21.6,0,0,0,0,0
2026-05-26 11:00,E22.1,44.611,23.4,0,0,0,0,0
2026-05-26 12:00,E22.1,43.219,25.2,0,0,0,0,0
2026-05-26 13:00,E22.1,41.228,26.9,0,0,0,0,0
2026-05-26 14:00,E22.1,41.164,28.4,0,0,0,0,0
2026-05-26 15:00,E22.1,42.431,29.5,0,0,0,0,0
2026-05-26 16:00,E22.1,43.290,30.2,0,0,0,0,0
2026-05-26 17:00,E22.1,45.127,30.4,0,0,0,0,0
2026-05-26 18:00,E22.1,48.877,30.2,0,0,0,0,0
2026-05-26 19:00,E22.1,52.347,29.5,0,0,0,0,0
2026-05-26 20:00,E22.1,52.688,28.4,0,0,0,0,0
2026-05-26 21:00,E22.1,51.040,26.9,0,0,0,0,0
2026-05-26 22:00,E22.1,49.017,25.2,0,0,0,0,0
2026-05-26 23:00,E22.1,45.860,23.4,0,0,0,0,0
2026-05-27 00:00,E22.1,40.429,22.0,0,0,0,0,0
2026-05-27 01:00,E22.1,40.581,20.3,0,0,0,0,0
2026-05-27 02:00,E22.1,41.612,18.8,0,0,0,0,0
2026-05-27 03:00,E22.1,41.272,17.7,0,0,0,0,0
2026-05-27 04:00,E22.1,40.584,17.0,0,0,0,0,0
2026-05-27 05:00,E22.1,41.761,16.8,0,0,0,0,0
2026-05-27 06:00,E22.1,43.498,17.0,0,0,0,0,0
2026-05-27 07:00,E22.1,44.030,17.7,0,0,0,0,0
2026-05-27 08:00,E22.1,44.771,18.8,0,0,0,0,0
2026-05-27 09:00,E22.1,46.267,20.3,0,0,0,0,0
2026-05-27 10:00,E22.1,46.019,22.0,0,0,0,0,0
2026-05-27 11:00,E22.1,43.710,23.8,0,0,0,0,0
2026-05-27 12:00,E22.1,42.343,25.6,0,0,0,0,0
2026-05-27 13:00,E22.1,42.435,27.3,0,0,0,0,0
2026-05-27 14:00,E22.1,41.808,28.7,0,0,0,0,0
2026-05-27 15:00,E22.1,41.138,29.8,0,0,0,0,0
2026-05-27 16:00,E22.1,43.501,30.5,0,0,0,0,0
2026-05-27 17:00,E22.1,47.001,30.8,0,0,0,0,0
2026-05-27 18:00,E22.1,49.261,30.5,0,0,0,0,0
2026-05-27 19:00,E22.1,51.009,29.8,0,0,0,0,0
2026-05-27 20:00,E22.1,53.170,28.7,0,0,0,0,0
2026-05-27 21:00,E22.1,52.333,27.3,0,0,0,0,0
2026-05-27 22:00,E22.1,48.281,25.6,0,0,0,0,0
2026-05-27 23:00,E22.1,44.836,23.8,0,0,0,0,0
2026-05-28 00:00,E22.1,41.508,22.4,0,0,0,0,0
2026-05-28 01:00,E22.1,41.406,20.7,0,0,0,0,0
2026-05-28 02:00,E22.1,40.399,19.3,0,0,0,0,0
2026-05-28 03:00,E22.1,40.839,18.2,0,0,0,0,0
2026-05-28 04:00,E22.1,41.987,17.5,0,0,0,0,0
2026-05-28 05:00,E22.1,41.912,17.2,0,0,0,0,0
2026-05-28 06:00,E22.1,42.135,17.5,0,0,0,0,0
2026-05-28 07:00,E22.1,44.309,18.2,0,0,0,0,0
2026-05-28 08:00,E22.1,46.141,19.3,0,0,0,0,0
2026-05-28 09:00,E22.1,45.714,20.7,0,0,0,0,0
2026-05-28 10:00,E22.1,44.870,22.4,0,0,0,0,0
2026-05-28 11:00,E22.1,44.638,24.2,0,0,0,0,0
2026-05-28 12:00,E22.1,43.331,26.0,0,0,0,0,0
2026-05-28 13:00,E22.1,41.331,27.7,0,0,0,0,0
2026-05-28 14:00,E22.1,41.183,29.2,0,0,0,0,0
2026-05-28 15:00,E22.1,42.841,30.3,0,0,0,0,0
2026-05-28 16:00,E22.1,44.418,31.0,0,0,0,0,0
2026-05-28 17:00,E22.1,46.203,31.2,0,0,0,0,0
2026-05-28 18:00,E22.1,49.891,31.0,0,0,0,0,0
2026-05-28 19:00,E22.1,52.785,30.3,0,0,0,0,0
2026-05-28 20:00,E22.1,52.812,29.2,0,0,0,0,0
2026-05-28 21:00,E22.1,51.086,27.7,0,0,0,0,0
2026-05-28 22:00,E22.1,49.038,26.0,0,0,0,0,0
2026-05-28 23:00,E22.1,45.966,24.2,0,0,0,0,0
2026-05-29 00:00,E22.1,40.538,23.0,0,0,0,0,0
2026-05-29 01:00,E22.1,40.604,21.3,0,0,0,0,0
2026-05-29 02:00,E22.1,41.655,19.8,0,0,0,0,0
2026-05-29 03:00,E22.1,41.396,18.7,0,0,0,0,0
2026-05-29 04:00,E22.1,40.667,18.0,0,0,0,0,0
2026-05-29 05:00,E22.1,41.775,17.8,0,0,0,0,0
2026-05-29 06:00,E22.1,43.569,18.0,0,0,0,0,0
2026-05-29 07:00,E22.1,44.156,18.7,0,0,0,0,0
2026-05-29 08:00,E22.1,44.825,19.8,0,0,0,0,0
2026-05-29 09:00,E22.1,46.285,21.3,0,0,0,0,0
2026-05-29 10:00,E22.1,46.118,23.0,0,0,0,0,0
2026-05-29 11:00,E22.1,43.824,24.8,0,0,0,0,0
2026-05-29 12:00,E22.1,42.372,26.6,0,0,0,0,0
2026-05-29 13:00,E22.1,42.471,28.3,0,0,0,0,0
2026-05-29 14:00,E22.1,41.928,29.7,0,0,0,0,0
2026-05-29 15:00,E22.1,42.240,30.8,0,0,0,0,0
2026-05-29 16:00,E22.1,44.727,31.5,0,0,0,0,0
2026-05-29 17:00,E22.1,48.275,31.8,0,0,0,0,0
2026-05-29 18:00,E22.1,50.599,31.5,0,0,0,0,0
2026-05-29 19:00,E22.1,52.082,30.8,0,0,0,0,0
2026-05-29 20:00,E22.1,53.185,29.7,0,0,0,0,0
2026-05-29 21:00,E22.1,52.425,28.3,0,0,0,0,0
2026-05-29 22:00,E22.1,48.400,26.6,0,0,0,0,0
2026-05-29 23:00,E22.1,44.871,24.8,0,0,0,0,0
2026-05-30 00:00,E22.1,32.538,23.6,0,0,0,0,0
2026-05-30 01:00,E22.1,32.521,21.9,0,0,0,0,0
2026-05-30 02:00,E22.1,31.498,20.4,0,0,0,0,0
2026-05-30 03:00,E22.1,31.856,19.3,0,0,0,0,0
2026-05-30 04:00,E22.1,33.042,18.6,0,0,0,0,0
2026-05-30 05:00,E22.1,33.039,18.4,0,0,0,0,0
2026-05-30 06:00,E22.1,33.205,18.6,0,0,0,0,0
2026-05-30 07:00,E22.1,35.322,19.3,0,0,0,0,0
2026-05-30 08:00,E22.1,37.225,20.4,0,0,0,0,0
2026-05-30 09:00,E22.1,36.837,21.9,0,0,0,0,0
2026-05-30 10:00,E22.1,35.913,23.6,0,0,0,0,0
2026-05-30 11:00,E22.1,35.662,25.4,0,0,0,0,0
2026-05-30 12:00,E22.1,34.441,27.2,0,0,0,0,0
2026-05-30 13:00,E22.1,32.437,28.9,0,0,0,0,0
2026-05-30 14:00,E22.1,32.596,30.3,0,0,0,0,0
2026-05-30 15:00,E22.1,35.255,31.4,0,0,0,0,0
2026-05-30 16:00,E22.1,36.910,32.1,0,0,0,0,0
2026-05-30 17:00,E22.1,38.650,32.4,0,0,0,0,0
2026-05-30 18:00,E22.1,42.272,32.1,0,0,0,0,0
2026-05-30 19:00,E22.1,45.228,31.4,0,0,0,0,0
2026-05-30 20:00,E22.1,44.329,30.3,0,0,0,0,0
2026-05-30 21:00,E22.1,42.137,28.9,0,0,0,0,0
2026-05-30 22:00,E22.1,40.058,27.2,0,0,0,0,0
2026-05-30 23:00,E22.1,37.069,25.4,0,0,0,0,0
2026-05-31 00:00,E22.1,31.650,24.2,0,0,0,0,0
2026-05-31 01:00,E22.1,31.631,22.5,0,0,0,0,0
2026-05-31 02:00,E22.1,32.694,21.1,0,0,0,0,0
2026-05-31 03:00,E22.1,32.517,19.9,0,0,0,0,0
2026-05-31 04:00,E22.1,31.754,19.2,0,0,0,0,0
2026-05-31 05:00,E22.1,32.789,19.0,0,0,0,0,0
2026-05-31 06:00,E22.1,34.636,19.2,0,0,0,0,0
2026-05-31 07:00,E22.1,35.283,19.9,0,0,0,0,0
2026-05-31 08:00,E22.1,35.883,21.1,0,0,0,0,0
2026-05-31 09:00,E22.1,37.301,22.5,0,0,0,0,0
2026-05-31 10:00,E22.1,37.213,24.2,0,0,0,0,0
2026-05-31 11:00,E22.1,34.942,26.0,0,0,0,0,0
2026-05-31 12:00,E22.1,33.404,27.8,0,0,0,0,0
2026-05-31 13:00,E22.1,33.503,29.5,0,0,0,0,0
2026-05-31 14:00,E22.1,34.185,30.9,0,0,0,0,0
2026-05-31 15:00,E22.1,34.799,32.1,0,0,0,0,0
2026-05-31 16:00,E22.1,37.207,32.8,0,0,0,0,0
2026-05-31 17:00,E22.1,40.798,33.0,0,0,0,0,0
2026-05-31 18:00,E22.1,43.190,32.8,0,0,0,0,0
2026-05-31 19:00,E22.1,44.613,32.1,0,0,0,0,0
2026-05-31 20:00,E22.1,45.339,30.9,0,0,0,0,0
2026-05-31 21:00,E22.1,43.513,29.5,0,0,0,0,0
2026-05-31 22:00,E22.1,39.521,27.8,0,0,0,0,0
2026-05-31 23:00,E22.1,35.910,26.0,0,0,0,0,0
2026-06-01 00:00,E22.1,41.564,24.8,0,0,0,0,0
2026-06-01 01:00,E22.1,41.633,23.1,0,0,0,0,0
2026-06-01 02:00,E22.1,40.601,21.7,0,0,0,0,0
2026-06-01 03:00,E22.1,40.876,20.6,0,0,0,0,0
2026-06-01 04:00,E22.1,42.092,19.9,0,0,0,0,0
2026-06-01 05:00,E22.1,42.164,19.6,0,0,0,0,0
2026-06-01 06:00,E22.1,42.281,19.9,0,0,0,0,0
2026-06-01 07:00,E22.1,44.335,20.6,0,0,0,0,0
2026-06-01 08:00,E22.1,46.304,21.7,0,0,0,0,0
2026-06-01 09:00,E22.1,45.961,23.1,0,0,0,0,0
2026-06-01 10:00,E22.1,44.959,24.8,0,0,0,0,0
2026-06-01 11:00,E22.1,44.684,26.6,0,0,0,0,0
2026-06-01 12:00,E22.1,43.546,28.4,0,0,0,0,0
2026-06-01 13:00,E22.1,41.694,30.1,0,0,0,0,0
2026-06-01 14:00,E22.1,43.117,31.6,0,0,0,0,0
2026-06-01 15:00,E22.1,45.794,32.7,0,0,0,0,0
2026-06-01 16:00,E22.1,47.530,33.4,0,0,0,0,0
2026-06-01 17:00,E22.1,49.231,33.6,0,0,0,0,0
2026-06-01 18:00,E22.1,52.782,33.4,0,0,0,0,0
2026-06-01 19:00,E22.1,55.796,32.7,0,0,0,0,0
2026-06-01 20:00,E22.1,54.953,31.6,0,0,0,0,0
2026-06-01 21:00,E22.1,51.340,30.1,0,0,0,0,0
2026-06-01 22:00,E22.1,49.075,28.4,0,0,0,0,0
2026-06-01 23:00,E22.1,46.168,26.6,0,0,0,0,0
2026-06-02 00:00,E22.1,40.765,25.4,0,0,0,0,0
2026-06-02 01:00,E22.1,40.661,23.7,0,0,0,0,0
2026-06-02 02:00,E22.1,41.729,22.3,0,0,0,0,0
2026-06-02 03:00,E22.1,41.637,21.2,0,0,0,0,0
2026-06-02 04:00,E22.1,40.846,20.5,0,0,0,0,0
2026-06-02 05:00,E22.1,41.804,20.2,0,0,0,0,0
2026-06-02 06:00,E22.1,43.698,20.5,0,0,0,0,0
2026-06-02 07:00,E22.1,44.410,21.2,0,0,0,0,0
2026-06-02 08:00,E22.1,44.946,22.3,0,0,0,0,0
2026-06-02 09:00,E22.1,46.316,23.7,0,0,0,0,0
2026-06-02 10:00,E22.1,46.305,25.4,0,0,0,0,0
2026-06-02 11:00,E22.1,44.061,27.2,0,0,0,0,0
2026-06-02 12:00,E22.1,42.440,29.0,0,0,0,0,0
2026-06-02 13:00,E22.1,43.396,30.7,0,0,0,0,0
2026-06-02 14:00,E22.1,44.763,32.2,0,0,0,0,0
2026-06-02 15:00,E22.1,45.363,33.3,0,0,0,0,0
2026-06-02 16:00,E22.1,47.689,34.0,0,0,0,0,0
2026-06-02 17:00,E22.1,51.316,34.2,0,0,0,0,0
2026-06-02 18:00,E22.1,53.781,34.0,0,0,0,0,0
2026-06-02 19:00,E22.1,55.149,33.3,0,0,0,0,0
2026-06-02 20:00,E22.1,55.816,32.2,0,0,0,0,0
2026-06-02 21:00,E22.1,53.460,30.7,0,0,0,0,0
2026-06-02 22:00,E22.1,48.645,29.0,0,0,0,0,0
2026-06-02 23:00,E22.1,44.954,27.2,0,0,0,0,0
2026-06-03 00:00,E22.1,41.588,26.0,0,0,0,0,0
2026-06-03 01:00,E22.1,41.742,24.3,0,0,0,0,0
2026-06-03 02:00,E22.1,40.707,22.8,0,0,0,0,0
2026-06-03 03:00,E22.1,40.898,21.7,0,0,0,0,0
2026-06-03 04:00,E22.1,42.138,21.0,0,0,0,0,0
2026-06-03 05:00,E22.1,42.288,20.8,0,0,0,0,0
2026-06-03 06:00,E22.1,42.361,21.0,0,0,0,0,0
2026-06-03 07:00,E22.1,44.349,21.7,0,0,0,0,0
2026-06-03 08:00,E22.1,46.379,22.8,0,0,0,0,0
2026-06-03 09:00,E22.1,46.087,24.3,0,0,0,0,0
2026-06-03 10:00,E22.1,45.010,26.0,0,0,0,0,0
2026-06-03 11:00,E22.1,44.703,27.8,0,0,0,0,0
2026-06-03 12:00,E22.1,43.648,29.6,0,0,0,0,0
2026-06-03 13:00,E22.1,43.174,31.3,0,0,0,0,0
2026-06-03 14:00,E22.1,44.511,32.7,0,0,0,0,0
2026-06-03 15:00,E22.1,47.200,33.8,0,0,0,0,0
2026-06-03 16:00,E22.1,49.018,34.5,0,0,0,0,0
2026-06-03 17:00,E22.1,50.687,34.8,0,0,0,0,0
2026-06-03 18:00,E22.1,54.164,34.5,0,0,0,0,0
2026-06-03 19:00,E22.1,57.230,33.8,0,0,0,0,0
2026-06-03 20:00,E22.1,56.447,32.7,0,0,0,0,0
2026-06-03 21:00,E22.1,52.767,31.3,0,0,0,0,0
2026-06-03 22:00,E22.1,49.091,29.6,0,0,0,0,0
2026-06-03 23:00,E22.1,46.262,27.8,0,0,0,0,0
2026-06-04 00:00,E22.1,40.883,26.4,0,0,0,0,0
2026-06-04 01:00,E22.1,40.694,24.7,0,0,0,0,0
2026-06-04 02:00,E22.1,41.761,23.3,0,0,0,0,0
2026-06-04 03:00,E22.1,41.753,22.2,0,0,0,0,0
2026-06-04 04:00,E22.1,40.943,21.5,0,0,0,0,0
2026-06-04 05:00,E22.1,41.820,21.2,0,0,0,0,0
2026-06-04 06:00,E22.1,43.756,21.5,0,0,0,0,0
2026-06-04 07:00,E22.1,44.537,22.2,0,0,0,0,0
2026-06-04 08:00,E22.1,45.014,23.3,0,0,0,0,0
2026-06-04 09:00,E22.1,46.330,24.7,0,0,0,0,0
2026-06-04 10:00,E22.1,46.391,26.4,0,0,0,0,0
2026-06-04 11:00,E22.1,44.183,28.2,0,0,0,0,0
2026-06-04 12:00,E22.1,42.530,30.0,0,0,0,0,0
2026-06-04 13:00,E22.1,44.633,31.7,0,0,0,0,0
2026-06-04 14:00,E22.1,46.086,33.2,0,0,0,0,0
2026-06-04 15:00,E22.1,46.678,34.3,0,0,0,0,0
2026-06-04 16:00,E22.1,48.920,35.0,0,0,0,0,0
2026-06-04 17:00,E22.1,52.576,35.2,0,0,0,0,0
2026-06-04 18:00,E22.1,55.117,35.0,0,0,0,0,0
2026-06-04 19:00,E22.1,56.436,34.3,0,0,0,0,0
2026-06-04 20:00,E22.1,57.040,33.2,0,0,0,0,0
2026-06-04 21:00,E22.1,54.749,31.7,0,0,0,0,0
2026-06-04 22:00,E22.1,48.819,30.0,0,0,0,0,0
2026-06-04 23:00,E22.1,45.001,28.2,0,0,0,0,0
2026-06-05 00:00,E22.1,41.609,26.8,0,0,0,0,0
2026-06-05 01:00,E22.1,41.847,25.1,0,0,0,0,0
2026-06-05 02:00,E22.1,40.817,23.6,0,0,0,0,0
2026-06-05 03:00,E22.1,40.922,22.5,0,0,0,0,0
2026-06-05 04:00,E22.1,42.180,21.8,0,0,0,0,0
2026-06-05 05:00,E22.1,42.411,21.6,0,0,0,0,0
2026-06-05 06:00,E22.1,42.446,21.8,0,0,0,0,0
2026-06-05 07:00,E22.1,44.362,22.5,0,0,0,0,0
2026-06-05 08:00,E22.1,46.449,23.6,0,0,0,0,0
2026-06-05 09:00,E22.1,46.214,25.1,0,0,0,0,0
2026-06-05 10:00,E22.1,45.066,26.8,0,0,0,0,0
2026-06-05 11:00,E22.1,44.720,28.6,0,0,0,0,0
2026-06-05 12:00,E22.1,44.238,30.4,0,0,0,0,0
2026-06-05 13:00,E22.1,44.292,32.1,0,0,0,0,0
2026-06-05 14:00,E22.1,45.543,33.5,0,0,0,0,0
2026-06-05 15:00,E22.1,48.237,34.7,0,0,0,0,0
2026-06-05 16:00,E22.1,50.139,35.4,0,0,0,0,0
2026-06-05 17:00,E22.1,51.781,35.6,0,0,0,0,0
2026-06-05 18:00,E22.1,55.181,35.4,0,0,0,0,0
2026-06-05 19:00,E22.1,58.293,34.7,0,0,0,0,0
2026-06-05 20:00,E22.1,57.576,33.5,0,0,0,0,0
2026-06-05 21:00,E22.1,53.832,32.1,0,0,0,0,0
2026-06-05 22:00,E22.1,49.598,30.4,0,0,0,0,0
2026-06-05 23:00,E22.1,46.353,28.6,0,0,0,0,0
2026-06-06 00:00,E22.1,32.003,27.0,0,0,0,0,0
2026-06-06 01:00,E22.1,31.730,25.4,0,0,0,0,0
2026-06-06 02:00,E22.1,32.790,23.9,0,0,0,0,0
2026-06-06 03:00,E22.1,32.867,22.8,0,0,0,0,0
2026-06-06 04:00,E22.1,32.043,22.1,0,0,0,0,0
2026-06-06 05:00,E22.1,32.838,21.9,0,0,0,0,0
2026-06-06 06:00,E22.1,34.809,22.1,0,0,0,0,0
2026-06-06 07:00,E22.1,35.663,22.8,0,0,0,0,0
2026-06-06 08:00,E22.1,36.087,23.9,0,0,0,0,0
2026-06-06 09:00,E22.1,37.343,25.4,0,0,0,0,0
2026-06-06 10:00,E22.1,37.474,27.0,0,0,0,0,0
2026-06-06 11:00,E22.1,35.307,28.9,0,0,0,0,0
2026-06-06 12:00,E22.1,34.322,30.7,0,0,0,0,0
2026-06-06 13:00,E22.1,36.405,32.4,0,0,0,0,0
2026-06-06 14:00,E22.1,37.943,33.8,0,0,0,0,0
2026-06-06 15:00,E22.1,38.533,34.9,0,0,0,0,0
2026-06-06 16:00,E22.1,40.691,35.6,0,0,0,0,0
2026-06-06 17:00,E22.1,44.370,35.9,0,0,0,0,0
2026-06-06 18:00,E22.1,46.989,35.6,0,0,0,0,0
2026-06-06 19:00,E22.1,48.265,34.9,0,0,0,0,0
2026-06-06 20:00,E22.1,48.802,33.8,0,0,0,0,0
2026-06-06 21:00,E22.1,46.572,32.4,0,0,0,0,0
2026-06-06 22:00,E22.1,40.693,30.7,0,0,0,0,0
2026-06-06 23:00,E22.1,36.053,28.9,0,0,0,0,0
2026-06-07 00:00,E22.1,32.627,27.2,0,0,0,0,0
2026-06-07 01:00,E22.1,32.948,25.5,0,0,0,0,0
2026-06-07 02:00,E22.1,31.930,24.0,0,0,0,0,0
2026-06-07 03:00,E22.1,31.950,22.9,0,0,0,0,0
2026-06-07 04:00,E22.1,33.218,22.2,0,0,0,0,0
2026-06-07 05:00,E22.1,33.532,22.0,0,0,0,0,0
2026-06-07 06:00,E22.1,33.535,22.2,0,0,0,0,0
2026-06-07 07:00,E22.1,35.376,22.9,0,0,0,0,0
2026-06-07 08:00,E22.1,37.514,24.0,0,0,0,0,0
2026-06-07 09:00,E22.1,37.341,25.5,0,0,0,0,0
2026-06-07 10:00,E22.1,36.126,27.2,0,0,0,0,0
2026-06-07 11:00,E22.1,35.736,29.0,0,0,0,0,0
2026-06-07 12:00,E22.1,35.795,30.8,0,0,0,0,0
2026-06-07 13:00,E22.1,35.872,32.5,0,0,0,0,0
2026-06-07 14:00,E22.1,37.039,33.9,0,0,0,0,0
2026-06-07 15:00,E22.1,39.731,35.0,0,0,0,0,0
2026-06-07 16:00,E22.1,41.718,35.7,0,0,0,0,0
2026-06-07 17:00,E22.1,43.340,36.0,0,0,0,0,0
2026-06-07 18:00,E22.1,46.660,35.7,0,0,0,0,0
2026-06-07 19:00,E22.1,49.812,35.0,0,0,0,0,0
2026-06-07 20:00,E22.1,49.165,33.9,0,0,0,0,0
2026-06-07 21:00,E22.1,45.363,32.5,0,0,0,0,0
2026-06-07 22:00,E22.1,41.074,30.8,0,0,0,0,0
2026-06-07 23:00,E22.1,37.439,29.0,0,0,0,0,0
2026-06-08 00:00,E22.1,41.125,27.2,0,0,0,0,0
2026-06-08 01:00,E22.1,40.771,25.5,0,0,0,0,0
2026-06-08 02:00,E22.1,41.815,24.0,0,0,0,0,0
2026-06-08 03:00,E22.1,41.978,22.9,0,0,0,0,0
2026-06-08 04:00,E22.1,41.147,22.2,0,0,0,0,0
2026-06-08 05:00,E22.1,41.859,22.0,0,0,0,0,0
2026-06-08 06:00,E22.1,43.858,22.2,0,0,0,0,0
2026-06-08 07:00,E22.1,44.788,22.9,0,0,0,0,0
2026-06-08 08:00,E22.1,45.164,24.0,0,0,0,0,0
2026-06-08 09:00,E22.1,46.356,25.5,0,0,0,0,0
2026-06-08 10:00,E22.1,46.551,27.2,0,0,0,0,0
2026-06-08 11:00,E22.1,44.432,29.0,0,0,0,0,0
2026-06-08 12:00,E22.1,43.527,30.8,0,0,0,0,0
2026-06-08 13:00,E22.1,45.582,32.5,0,0,0,0,0
2026-06-08 14:00,E22.1,47.204,33.9,0,0,0,0,0
2026-06-08 15:00,E22.1,47.800,35.0,0,0,0,0,0
2026-06-08 16:00,E22.1,49.873,35.7,0,0,0,0,0
2026-06-08 17:00,E22.1,53.568,36.0,0,0,0,0,0
2026-06-08 18:00,E22.1,56.268,35.7,0,0,0,0,0
2026-06-08 19:00,E22.1,57.507,35.0,0,0,0,0,0
2026-06-08 20:00,E22.1,57.972,33.9,0,0,0,0,0
2026-06-08 21:00,E22.1,55.797,32.5,0,0,0,0,0
2026-06-08 22:00,E22.1,49.976,30.8,0,0,0,0,0
2026-06-08 23:00,E22.1,45.109,29.0,0,0,0,0,0
2026-06-09 00:00,E22.1,41.644,27.0,0,0,0,0,0
2026-06-09 01:00,E22.1,42.046,25.4,0,0,0,0,0
2026-06-09 02:00,E22.1,41.046,23.9,0,0,0,0,0
2026-06-09 03:00,E22.1,40.981,22.8,0,0,0,0,0
2026-06-09 04:00,E22.1,42.252,22.1,0,0,0,0,0
2026-06-09 05:00,E22.1,42.651,21.9,0,0,0,0,0
2026-06-09 06:00,E22.1,42.628,22.1,0,0,0,0,0
2026-06-09 07:00,E22.1,44.392,22.8,0,0,0,0,0
2026-06-09 08:00,E22.1,46.575,23.9,0,0,0,0,0
2026-06-09 09:00,E22.1,46.467,25.4,0,0,0,0,0
2026-06-09 10:00,E22.1,45.190,27.0,0,0,0,0,0
2026-06-09 11:00,E22.1,44.750,28.9,0,0,0,0,0
2026-06-09 12:00,E22.1,44.728,30.7,0,0,0,0,0
2026-06-09 13:00,E22.1,44.836,32.4,0,0,0,0,0
2026-06-09 14:00,E22.1,45.920,33.8,0,0,0,0,0
2026-06-09 15:00,E22.1,48.602,34.9,0,0,0,0,0
2026-06-09 16:00,E22.1,50.675,35.6,0,0,0,0,0
2026-06-09 17:00,E22.1,52.285,35.9,0,0,0,0,0
2026-06-09 18:00,E22.1,55.522,35.6,0,0,0,0,0
2026-06-09 19:00,E22.1,58.708,34.9,0,0,0,0,0
2026-06-09 20:00,E22.1,58.134,33.8,0,0,0,0,0
2026-06-09 21:00,E22.1,54.280,32.4,0,0,0,0,0
2026-06-09 22:00,E22.1,49.931,30.7,0,0,0,0,0
2026-06-09 23:00,E22.1,46.520,28.9,0,0,0,0,0
2026-06-10 00:00,E22.1,41.249,26.8,0,0,0,0,0
2026-06-10 01:00,E22.1,40.815,25.1,0,0,0,0,0
2026-06-10 02:00,E22.1,41.838,23.6,0,0,0,0,0
2026-06-10 03:00,E22.1,42.086,22.5,0,0,0,0,0
2026-06-10 04:00,E22.1,41.254,21.8,0,0,0,0,0
2026-06-10 05:00,E22.1,41.881,21.6,0,0,0,0,0
2026-06-10 06:00,E22.1,43.903,21.8,0,0,0,0,0
2026-06-10 07:00,E22.1,44.912,22.5,0,0,0,0,0
2026-06-10 08:00,E22.1,45.245,23.6,0,0,0,0,0
2026-06-10 09:00,E22.1,46.369,25.1,0,0,0,0,0
2026-06-10 10:00,E22.1,46.624,26.8,0,0,0,0,0
2026-06-10 11:00,E22.1,44.558,28.6,0,0,0,0,0
2026-06-10 12:00,E22.1,43.117,30.4,0,0,0,0,0
2026-06-10 13:00,E22.1,45.138,32.1,0,0,0,0,0
2026-06-10 14:00,E22.1,46.842,33.5,0,0,0,0,0
2026-06-10 15:00,E22.1,47.451,34.7,0,0,0,0,0
2026-06-10 16:00,E22.1,49.438,35.4,0,0,0,0,0
2026-06-10 17:00,E22.1,53.142,35.6,0,0,0,0,0
2026-06-10 18:00,E22.1,55.926,35.4,0,0,0,0,0
2026-06-10 19:00,E22.1,57.134,34.7,0,0,0,0,0
2026-06-10 20:00,E22.1,57.524,33.5,0,0,0,0,0
2026-06-10 21:00,E22.1,55.399,32.1,0,0,0,0,0
2026-06-10 22:00,E22.1,49.641,30.4,0,0,0,0,0
2026-06-10 23:00,E22.1,45.170,28.6,0,0,0,0,0
2026-06-11 00:00,E22.1,41.660,26.4,0,0,0,0,0
2026-06-11 01:00,E22.1,42.139,24.7,0,0,0,0,0
2026-06-11 02:00,E22.1,41.165,23.3,0,0,0,0,0
2026-06-11 03:00,E22.1,41.015,22.2,0,0,0,0,0
2026-06-11 04:00,E22.1,42.282,21.5,0,0,0,0,0
2026-06-11 05:00,E22.1,42.767,21.2,0,0,0,0,0
2026-06-11 06:00,E22.1,42.725,21.5,0,0,0,0,0
2026-06-11 07:00,E22.1,44.409,22.2,0,0,0,0,0
2026-06-11 08:00,E22.1,46.631,23.3,0,0,0,0,0
2026-06-11 09:00,E22.1,46.594,24.7,0,0,0,0,0
2026-06-11 10:00,E22.1,45.260,26.4,0,0,0,0,0
2026-06-11 11:00,E22.1,44.764,28.2,0,0,0,0,0
2026-06-11 12:00,E22.1,44.065,30.0,0,0,0,0,0
2026-06-11 13:00,E22.1,44.210,31.7,0,0,0,0,0
2026-06-11 14:00,E22.1,45.213,33.2,0,0,0,0,0
2026-06-11 15:00,E22.1,47.879,34.3,0,0,0,0,0
2026-06-11 16:00,E22.1,50.037,35.0,0,0,0,0,0
2026-06-11 17:00,E22.1,51.641,35.2,0,0,0,0,0
2026-06-11 18:00,E22.1,54.794,35.0,0,0,0,0,0
2026-06-11 19:00,E22.1,58.008,34.3,0,0,0,0,0
2026-06-11 20:00,E22.1,57.511,33.2,0,0,0,0,0
2026-06-11 21:00,E22.1,53.609,31.7,0,0,0,0,0
2026-06-11 22:00,E22.1,49.195,30.0,0,0,0,0,0
2026-06-11 23:00,E22.1,46.597,28.2,0,0,0,0,0
2026-06-12 00:00,E22.1,41.374,26.0,0,0,0,0,0
2026-06-12 01:00,E22.1,40.864,24.3,0,0,0,0,0
2026-06-12 02:00,E22.1,41.858,22.8,0,0,0,0,0
2026-06-12 03:00,E22.1,42.190,21.7,0,0,0,0,0
2026-06-12 04:00,E22.1,41.365,21.0,0,0,0,0,0
2026-06-12 05:00,E22.1,41.907,20.8,0,0,0,0,0
2026-06-12 06:00,E22.1,43.943,21.0,0,0,0,0,0
2026-06-12 07:00,E22.1,45.034,21.7,0,0,0,0,0
2026-06-12 08:00,E22.1,45.331,22.8,0,0,0,0,0
2026-06-12 09:00,E22.1,46.383,24.3,0,0,0,0,0
2026-06-12 10:00,E22.1,46.693,26.0,0,0,0,0,0
2026-06-12 11:00,E22.1,44.684,27.8,0,0,0,0,0
2026-06-12 12:00,E22.1,42.682,29.6,0,0,0,0,0
2026-06-12 13:00,E22.1,44.153,31.3,0,0,0,0,0
2026-06-12 14:00,E22.1,45.937,32.7,0,0,0,0,0
2026-06-12 15:00,E22.1,46.566,33.8,0,0,0,0,0
2026-06-12 16:00,E22.1,48.467,34.5,0,0,0,0,0
2026-06-12 17:00,E22.1,52.174,34.8,0,0,0,0,0
2026-06-12 18:00,E22.1,55.043,34.5,0,0,0,0,0
2026-06-12 19:00,E22.1,56.227,33.8,0,0,0,0,0
2026-06-12 20:00,E22.1,56.538,32.7,0,0,0,0,0
2026-06-12 21:00,E22.1,54.458,31.3,0,0,0,0,0
2026-06-12 22:00,E22.1,49.276,29.6,0,0,0,0,0
2026-06-12 23:00,E22.1,45.235,27.8,0,0,0,0,0
2026-06-13 00:00,E22.1,32.674,25.4,0,0,0,0,0
2026-06-13 01:00,E22.1,33.228,23.7,0,0,0,0,0
2026-06-13 02:00,E22.1,32.286,22.3,0,0,0,0,0
2026-06-13 03:00,E22.1,32.053,21.2,0,0,0,0,0
2026-06-13 04:00,E22.1,33.310,20.5,0,0,0,0,0
2026-06-13 05:00,E22.1,33.880,20.2,0,0,0,0,0
2026-06-13 06:00,E22.1,33.827,20.5,0,0,0,0,0
2026-06-13 07:00,E22.1,35.428,21.2,0,0,0,0,0
2026-06-13 08:00,E22.1,37.683,22.3,0,0,0,0,0
2026-06-13 09:00,E22.1,37.720,23.7,0,0,0,0,0
2026-06-13 10:00,E22.1,36.333,25.4,0,0,0,0,0
2026-06-13 11:00,E22.1,35.777,27.2,0,0,0,0,0
2026-06-13 12:00,E22.1,35.096,29.0,0,0,0,0,0
2026-06-13 13:00,E22.1,34.123,30.7,0,0,0,0,0
2026-06-13 14:00,E22.1,35.047,32.2,0,0,0,0,0
2026-06-13 15:00,E22.1,37.690,33.3,0,0,0,0,0
2026-06-13 16:00,E22.1,39.933,34.0,0,0,0,0,0
2026-06-13 17:00,E22.1,41.538,34.2,0,0,0,0,0
2026-06-13 18:00,E22.1,44.607,34.0,0,0,0,0,0
2026-06-13 19:00,E22.1,47.841,33.3,0,0,0,0,0
2026-06-13 20:00,E22.1,47.423,32.2,0,0,0,0,0
2026-06-13 21:00,E22.1,43.481,30.7,0,0,0,0,0
2026-06-13 22:00,E22.1,40.159,29.0,0,0,0,0,0
2026-06-13 23:00,E22.1,37.670,27.2,0,0,0,0,0
2026-06-14 00:00,E22.1,32.500,24.8,0,0,0,0,0
2026-06-14 01:00,E22.1,31.917,23.1,0,0,0,0,0
2026-06-14 02:00,E22.1,32.876,21.7,0,0,0,0,0
2026-06-14 03:00,E22.1,33.290,20.6,0,0,0,0,0
2026-06-14 04:00,E22.1,32.479,19.9,0,0,0,0,0
2026-06-14 05:00,E22.1,32.935,19.6,0,0,0,0,0
2026-06-14 06:00,E22.1,34.980,19.9,0,0,0,0,0
2026-06-14 07:00,E22.1,36.154,20.6,0,0,0,0,0
2026-06-14 08:00,E22.1,36.422,21.7,0,0,0,0,0
2026-06-14 09:00,E22.1,37.398,23.1,0,0,0,0,0
2026-06-14 10:00,E22.1,37.757,24.8,0,0,0,0,0
2026-06-14 11:00,E22.1,35.811,26.6,0,0,0,0,0
2026-06-14 12:00,E22.1,33.743,28.4,0,0,0,0,0
2026-06-14 13:00,E22.1,33.801,30.1,0,0,0,0,0
2026-06-14 14:00,E22.1,35.662,31.6,0,0,0,0,0
2026-06-14 15:00,E22.1,36.317,32.7,0,0,0,0,0
2026-06-14 16:00,E22.1,38.135,33.4,0,0,0,0,0
2026-06-14 17:00,E22.1,41.837,33.6,0,0,0,0,0
2026-06-14 18:00,E22.1,44.791,33.4,0,0,0,0,0
2026-06-14 19:00,E22.1,45.957,32.7,0,0,0,0,0
2026-06-14 20:00,E22.1,46.188,31.6,0,0,0,0,0
2026-06-14 21:00,E22.1,44.146,30.1,0,0,0,0,0
2026-06-14 22:00,E22.1,40.402,28.4,0,0,0,0,0
2026-06-14 23:00,E22.1,36.305,26.6,0,0,0,0,0
